Date,Close/Last,Volume,Open,High,Low
06/14/2024,5.33,N/A,5.33,5.33,5.33
06/13/2024,5.33,N/A,5.33,5.33,5.33
06/12/2024,5.33,N/A,5.33,5.33,5.33
06/11/2024,5.33,N/A,5.33,5.33,5.33
06/10/2024,5.33,N/A,5.33,5.33,5.33
06/07/2024,5.33,N/A,5.33,5.33,5.33
06/06/2024,5.33,N/A,5.33,5.33,5.33
06/05/2024,5.33,N/A,5.33,5.33,5.33
06/04/2024,5.33,N/A,5.33,5.33,5.33
06/03/2024,5.33,N/A,5.33,5.33,5.33
05/31/2024,5.33,N/A,5.33,5.33,5.33
05/30/2024,5.33,N/A,5.33,5.33,5.33
05/29/2024,5.33,N/A,5.33,5.33,5.33
05/28/2024,5.33,N/A,5.33,5.33,5.33
05/27/2024,5.33,N/A,5.33,5.33,5.33
05/24/2024,5.33,N/A,5.33,5.33,5.33
05/23/2024,5.33,N/A,5.33,5.33,5.33
05/22/2024,5.33,N/A,5.33,5.33,5.33
05/21/2024,5.33,N/A,5.33,5.33,5.33
05/20/2024,5.33,N/A,5.33,5.33,5.33
05/17/2024,5.33,N/A,5.33,5.33,5.33
05/16/2024,5.33,N/A,5.33,5.33,5.33
05/15/2024,5.33,N/A,5.33,5.33,5.33
05/14/2024,5.33,N/A,5.33,5.33,5.33
05/13/2024,5.33,N/A,5.33,5.33,5.33
05/10/2024,5.33,N/A,5.33,5.33,5.33
05/09/2024,5.33,N/A,5.33,5.33,5.33
05/08/2024,5.33,N/A,5.33,5.33,5.33
05/07/2024,5.33,N/A,5.33,5.33,5.33
05/06/2024,5.33,N/A,5.33,5.33,5.33
05/03/2024,5.33,N/A,5.33,5.33,5.33
05/02/2024,5.33,N/A,5.33,5.33,5.33
05/01/2024,5.33,N/A,5.33,5.33,5.33
04/30/2024,5.33,N/A,5.33,5.33,5.33
04/29/2024,5.33,N/A,5.33,5.33,5.33
04/26/2024,5.33,N/A,5.33,5.33,5.33
04/25/2024,5.33,N/A,5.33,5.33,5.33
04/24/2024,5.33,N/A,5.33,5.33,5.33
04/23/2024,5.33,N/A,5.33,5.33,5.33
04/22/2024,5.33,N/A,5.33,5.33,5.33
04/19/2024,5.33,N/A,5.33,5.33,5.33
04/18/2024,5.33,N/A,5.33,5.33,5.33
04/17/2024,5.33,N/A,5.33,5.33,5.33
04/16/2024,5.33,N/A,5.33,5.33,5.33
04/15/2024,5.33,N/A,5.33,5.33,5.33
04/12/2024,5.33,N/A,5.33,5.33,5.33
04/11/2024,5.33,N/A,5.33,5.33,5.33
04/10/2024,5.33,N/A,5.33,5.33,5.33
04/09/2024,5.33,N/A,5.33,5.33,5.33
04/08/2024,5.33,N/A,5.33,5.33,5.33
04/05/2024,5.33,N/A,5.33,5.33,5.33
04/04/2024,5.33,N/A,5.33,5.33,5.33
04/03/2024,5.33,N/A,5.33,5.33,5.33
04/02/2024,5.33,N/A,5.33,5.33,5.33
04/01/2024,5.33,N/A,5.33,5.33,5.33
03/29/2024,5.33,N/A,5.33,5.33,5.33
03/28/2024,5.33,N/A,5.33,5.33,5.33
03/27/2024,5.33,N/A,5.33,5.33,5.33
03/26/2024,5.33,N/A,5.33,5.33,5.33
03/25/2024,5.33,N/A,5.33,5.33,5.33
03/22/2024,5.33,N/A,5.33,5.33,5.33
03/21/2024,5.33,N/A,5.33,5.33,5.33
03/20/2024,5.33,N/A,5.33,5.33,5.33
03/19/2024,5.33,N/A,5.33,5.33,5.33
03/18/2024,5.33,N/A,5.33,5.33,5.33
03/15/2024,5.33,N/A,5.33,5.33,5.33
03/14/2024,5.33,N/A,5.33,5.33,5.33
03/13/2024,5.33,N/A,5.33,5.33,5.33
03/12/2024,5.33,N/A,5.33,5.33,5.33
03/11/2024,5.33,N/A,5.33,5.33,5.33
03/08/2024,5.33,N/A,5.33,5.33,5.33
03/07/2024,5.33,N/A,5.33,5.33,5.33
03/06/2024,5.33,N/A,5.33,5.33,5.33
03/05/2024,5.33,N/A,5.33,5.33,5.33
03/04/2024,5.33,N/A,5.33,5.33,5.33
03/01/2024,5.33,N/A,5.33,5.33,5.33
02/29/2024,5.33,N/A,5.33,5.33,5.33
02/28/2024,5.33,N/A,5.33,5.33,5.33
02/27/2024,5.33,N/A,5.33,5.33,5.33
02/26/2024,5.33,N/A,5.33,5.33,5.33
02/23/2024,5.33,N/A,5.33,5.33,5.33
02/22/2024,5.33,N/A,5.33,5.33,5.33
02/21/2024,5.33,N/A,5.33,5.33,5.33
02/20/2024,5.33,N/A,5.33,5.33,5.33
02/19/2024,5.33,N/A,5.33,5.33,5.33
02/16/2024,5.33,N/A,5.33,5.33,5.33
02/15/2024,5.33,N/A,5.33,5.33,5.33
02/14/2024,5.33,N/A,5.33,5.33,5.33
02/13/2024,5.33,N/A,5.33,5.33,5.33
02/12/2024,5.33,N/A,5.33,5.33,5.33
02/09/2024,5.33,N/A,5.33,5.33,5.33
02/08/2024,5.33,N/A,5.33,5.33,5.33
02/07/2024,5.33,N/A,5.33,5.33,5.33
02/06/2024,5.33,N/A,5.33,5.33,5.33
02/05/2024,5.33,N/A,5.33,5.33,5.33
02/02/2024,5.33,N/A,5.33,5.33,5.33
02/01/2024,5.33,N/A,5.33,5.33,5.33
01/31/2024,5.33,N/A,5.33,5.33,5.33
01/30/2024,5.33,N/A,5.33,5.33,5.33
01/29/2024,5.33,N/A,5.33,5.33,5.33
01/26/2024,5.33,N/A,5.33,5.33,5.33
01/25/2024,5.33,N/A,5.33,5.33,5.33
01/24/2024,5.33,N/A,5.33,5.33,5.33
01/23/2024,5.33,N/A,5.33,5.33,5.33
01/22/2024,5.33,N/A,5.33,5.33,5.33
01/19/2024,5.33,N/A,5.33,5.33,5.33
01/18/2024,5.33,N/A,5.33,5.33,5.33
01/17/2024,5.33,N/A,5.33,5.33,5.33
01/16/2024,5.33,N/A,5.33,5.33,5.33
01/15/2024,5.33,N/A,5.33,5.33,5.33
01/12/2024,5.33,N/A,5.33,5.33,5.33
01/11/2024,5.33,N/A,5.33,5.33,5.33
01/10/2024,5.33,N/A,5.33,5.33,5.33
01/09/2024,5.33,N/A,5.33,5.33,5.33
01/08/2024,5.33,N/A,5.33,5.33,5.33
01/05/2024,5.33,N/A,5.33,5.33,5.33
01/04/2024,5.33,N/A,5.33,5.33,5.33
01/03/2024,5.33,N/A,5.33,5.33,5.33
01/02/2024,5.33,N/A,5.33,5.33,5.33
01/01/2024,5.33,N/A,5.33,5.33,5.33
12/29/2023,5.33,N/A,5.33,5.33,5.33
12/28/2023,5.33,N/A,5.33,5.33,5.33
12/27/2023,5.33,N/A,5.33,5.33,5.33
12/26/2023,5.33,N/A,5.33,5.33,5.33
12/25/2023,5.33,N/A,5.33,5.33,5.33
12/22/2023,5.33,N/A,5.33,5.33,5.33
12/21/2023,5.33,N/A,5.33,5.33,5.33
12/20/2023,5.33,N/A,5.33,5.33,5.33
12/19/2023,5.33,N/A,5.33,5.33,5.33
12/18/2023,5.33,N/A,5.33,5.33,5.33
12/15/2023,5.33,N/A,5.33,5.33,5.33
12/14/2023,5.33,N/A,5.33,5.33,5.33
12/13/2023,5.33,N/A,5.33,5.33,5.33
12/12/2023,5.33,N/A,5.33,5.33,5.33
12/11/2023,5.33,N/A,5.33,5.33,5.33
12/08/2023,5.33,N/A,5.33,5.33,5.33
12/07/2023,5.33,N/A,5.33,5.33,5.33
12/06/2023,5.33,N/A,5.33,5.33,5.33
12/05/2023,5.33,N/A,5.33,5.33,5.33
12/04/2023,5.33,N/A,5.33,5.33,5.33
12/01/2023,5.33,N/A,5.33,5.33,5.33
11/30/2023,5.33,N/A,5.33,5.33,5.33
11/29/2023,5.33,N/A,5.33,5.33,5.33
11/28/2023,5.33,N/A,5.33,5.33,5.33
11/27/2023,5.33,N/A,5.33,5.33,5.33
11/24/2023,5.33,N/A,5.33,5.33,5.33
11/23/2023,5.33,N/A,5.33,5.33,5.33
11/22/2023,5.33,N/A,5.33,5.33,5.33
11/21/2023,5.33,N/A,5.33,5.33,5.33
11/20/2023,5.33,N/A,5.33,5.33,5.33
11/17/2023,5.33,N/A,5.33,5.33,5.33
11/16/2023,5.33,N/A,5.33,5.33,5.33
11/15/2023,5.33,N/A,5.33,5.33,5.33
11/14/2023,5.33,N/A,5.33,5.33,5.33
11/13/2023,5.33,N/A,5.33,5.33,5.33
11/10/2023,5.33,N/A,5.33,5.33,5.33
11/09/2023,5.33,N/A,5.33,5.33,5.33
11/08/2023,5.33,N/A,5.33,5.33,5.33
11/07/2023,5.33,N/A,5.33,5.33,5.33
11/06/2023,5.33,N/A,5.33,5.33,5.33
11/03/2023,5.33,N/A,5.33,5.33,5.33
11/02/2023,5.33,N/A,5.33,5.33,5.33
11/01/2023,5.33,N/A,5.33,5.33,5.33
10/31/2023,5.33,N/A,5.33,5.33,5.33
10/30/2023,5.33,N/A,5.33,5.33,5.33
10/27/2023,5.33,N/A,5.33,5.33,5.33
10/26/2023,5.33,N/A,5.33,5.33,5.33
10/25/2023,5.33,N/A,5.33,5.33,5.33
10/24/2023,5.33,N/A,5.33,5.33,5.33
10/23/2023,5.33,N/A,5.33,5.33,5.33
10/20/2023,5.33,N/A,5.33,5.33,5.33
10/19/2023,5.33,N/A,5.33,5.33,5.33
10/18/2023,5.33,N/A,5.33,5.33,5.33
10/17/2023,5.33,N/A,5.33,5.33,5.33
10/16/2023,5.33,N/A,5.33,5.33,5.33
10/13/2023,5.33,N/A,5.33,5.33,5.33
10/12/2023,5.33,N/A,5.33,5.33,5.33
10/11/2023,5.33,N/A,5.33,5.33,5.33
10/10/2023,5.33,N/A,5.33,5.33,5.33
10/09/2023,5.33,N/A,5.33,5.33,5.33
10/06/2023,5.33,N/A,5.33,5.33,5.33
10/05/2023,5.33,N/A,5.33,5.33,5.33
10/04/2023,5.33,N/A,5.33,5.33,5.33
10/03/2023,5.33,N/A,5.33,5.33,5.33
10/02/2023,5.33,N/A,5.33,5.33,5.33
09/29/2023,5.33,N/A,5.33,5.33,5.33
09/28/2023,5.33,N/A,5.33,5.33,5.33
09/27/2023,5.33,N/A,5.33,5.33,5.33
09/26/2023,5.33,N/A,5.33,5.33,5.33
09/25/2023,5.33,N/A,5.33,5.33,5.33
09/22/2023,5.33,N/A,5.33,5.33,5.33
09/21/2023,5.33,N/A,5.33,5.33,5.33
09/20/2023,5.33,N/A,5.33,5.33,5.33
09/19/2023,5.33,N/A,5.33,5.33,5.33
09/18/2023,5.33,N/A,5.33,5.33,5.33
09/15/2023,5.33,N/A,5.33,5.33,5.33
09/14/2023,5.33,N/A,5.33,5.33,5.33
09/13/2023,5.33,N/A,5.33,5.33,5.33
09/12/2023,5.33,N/A,5.33,5.33,5.33
09/11/2023,5.33,N/A,5.33,5.33,5.33
09/08/2023,5.33,N/A,5.33,5.33,5.33
09/07/2023,5.33,N/A,5.33,5.33,5.33
09/06/2023,5.33,N/A,5.33,5.33,5.33
09/05/2023,5.33,N/A,5.33,5.33,5.33
09/04/2023,5.33,N/A,5.33,5.33,5.33
09/01/2023,5.33,N/A,5.33,5.33,5.33
08/31/2023,5.33,N/A,5.33,5.33,5.33
08/30/2023,5.33,N/A,5.33,5.33,5.33
08/29/2023,5.33,N/A,5.33,5.33,5.33
08/28/2023,5.33,N/A,5.33,5.33,5.33
08/25/2023,5.33,N/A,5.33,5.33,5.33
08/24/2023,5.33,N/A,5.33,5.33,5.33
08/23/2023,5.33,N/A,5.33,5.33,5.33
08/22/2023,5.33,N/A,5.33,5.33,5.33
08/21/2023,5.33,N/A,5.33,5.33,5.33
08/18/2023,5.33,N/A,5.33,5.33,5.33
08/17/2023,5.33,N/A,5.33,5.33,5.33
08/16/2023,5.33,N/A,5.33,5.33,5.33
08/15/2023,5.33,N/A,5.33,5.33,5.33
08/14/2023,5.33,N/A,5.33,5.33,5.33
08/11/2023,5.33,N/A,5.33,5.33,5.33
08/10/2023,5.33,N/A,5.33,5.33,5.33
08/09/2023,5.33,N/A,5.33,5.33,5.33
08/08/2023,5.33,N/A,5.33,5.33,5.33
08/07/2023,5.33,N/A,5.33,5.33,5.33
08/04/2023,5.33,N/A,5.33,5.33,5.33
08/03/2023,5.33,N/A,5.33,5.33,5.33
08/02/2023,5.33,N/A,5.33,5.33,5.33
08/01/2023,5.33,N/A,5.33,5.33,5.33
07/31/2023,5.33,N/A,5.33,5.33,5.33
07/28/2023,5.33,N/A,5.33,5.33,5.33
07/27/2023,5.33,N/A,5.33,5.33,5.33
07/26/2023,5.08,N/A,5.08,5.08,5.08
07/25/2023,5.08,N/A,5.08,5.08,5.08
07/24/2023,5.08,N/A,5.08,5.08,5.08
07/21/2023,5.08,N/A,5.08,5.08,5.08
07/20/2023,5.08,N/A,5.08,5.08,5.08
07/19/2023,5.08,N/A,5.08,5.08,5.08
07/18/2023,5.08,N/A,5.08,5.08,5.08
07/17/2023,5.08,N/A,5.08,5.08,5.08
07/14/2023,5.08,N/A,5.08,5.08,5.08
07/13/2023,5.08,N/A,5.08,5.08,5.08
07/12/2023,5.08,N/A,5.08,5.08,5.08
07/11/2023,5.08,N/A,5.08,5.08,5.08
07/10/2023,5.07,N/A,5.07,5.07,5.07
07/07/2023,5.08,N/A,5.08,5.08,5.08
07/06/2023,5.08,N/A,5.08,5.08,5.08
07/05/2023,5.08,N/A,5.08,5.08,5.08
07/04/2023,5.08,N/A,5.08,5.08,5.08
07/03/2023,5.07,N/A,5.07,5.07,5.07
06/30/2023,5.07,N/A,5.07,5.07,5.07
06/29/2023,5.07,N/A,5.07,5.07,5.07
06/28/2023,5.07,N/A,5.07,5.07,5.07
06/27/2023,5.07,N/A,5.07,5.07,5.07
06/26/2023,5.07,N/A,5.07,5.07,5.07
06/23/2023,5.07,N/A,5.07,5.07,5.07
06/22/2023,5.07,N/A,5.07,5.07,5.07
06/21/2023,5.07,N/A,5.07,5.07,5.07
06/20/2023,5.07,N/A,5.07,5.07,5.07
06/19/2023,5.08,N/A,5.08,5.08,5.08
06/16/2023,5.07,N/A,5.07,5.07,5.07
06/15/2023,5.07,N/A,5.07,5.07,5.07
06/14/2023,5.08,N/A,5.08,5.08,5.08
06/13/2023,5.08,N/A,5.08,5.08,5.08
06/12/2023,5.08,N/A,5.08,5.08,5.08
06/09/2023,5.08,N/A,5.08,5.08,5.08
06/08/2023,5.08,N/A,5.08,5.08,5.08
06/07/2023,5.08,N/A,5.08,5.08,5.08
06/06/2023,5.08,N/A,5.08,5.08,5.08
06/05/2023,5.08,N/A,5.08,5.08,5.08
06/02/2023,5.08,N/A,5.08,5.08,5.08
06/01/2023,5.08,N/A,5.08,5.08,5.08
05/31/2023,5.08,N/A,5.08,5.08,5.08
05/30/2023,5.08,N/A,5.08,5.08,5.08
05/29/2023,5.08,N/A,5.08,5.08,5.08
05/26/2023,5.08,N/A,5.08,5.08,5.08
05/25/2023,5.08,N/A,5.08,5.08,5.08
05/24/2023,5.08,N/A,5.08,5.08,5.08
05/23/2023,5.08,N/A,5.08,5.08,5.08
05/22/2023,5.08,N/A,5.08,5.08,5.08
05/19/2023,5.08,N/A,5.08,5.08,5.08
05/18/2023,5.08,N/A,5.08,5.08,5.08
05/17/2023,5.08,N/A,5.08,5.08,5.08
05/16/2023,5.08,N/A,5.08,5.08,5.08
05/15/2023,5.08,N/A,5.08,5.08,5.08
05/12/2023,5.08,N/A,5.08,5.08,5.08
05/11/2023,5.08,N/A,5.08,5.08,5.08
05/10/2023,5.08,N/A,5.08,5.08,5.08
05/09/2023,5.08,N/A,5.08,5.08,5.08
05/08/2023,5.08,N/A,5.08,5.08,5.08
05/05/2023,5.08,N/A,5.08,5.08,5.08
05/04/2023,5.08,N/A,5.08,5.08,5.08
05/03/2023,4.83,N/A,4.83,4.83,4.83
05/02/2023,4.83,N/A,4.83,4.83,4.83
05/01/2023,4.83,N/A,4.83,4.83,4.83
04/28/2023,4.83,N/A,4.83,4.83,4.83
04/27/2023,4.83,N/A,4.83,4.83,4.83
04/26/2023,4.83,N/A,4.83,4.83,4.83
04/25/2023,4.83,N/A,4.83,4.83,4.83
04/24/2023,4.83,N/A,4.83,4.83,4.83
04/21/2023,4.83,N/A,4.83,4.83,4.83
04/20/2023,4.83,N/A,4.83,4.83,4.83
04/19/2023,4.83,N/A,4.83,4.83,4.83
04/18/2023,4.83,N/A,4.83,4.83,4.83
04/17/2023,4.83,N/A,4.83,4.83,4.83
04/14/2023,4.83,N/A,4.83,4.83,4.83
04/13/2023,4.83,N/A,4.83,4.83,4.83
04/12/2023,4.83,N/A,4.83,4.83,4.83
04/11/2023,4.83,N/A,4.83,4.83,4.83
04/10/2023,4.83,N/A,4.83,4.83,4.83
04/07/2023,4.83,N/A,4.83,4.83,4.83
04/06/2023,4.83,N/A,4.83,4.83,4.83
04/05/2023,4.83,N/A,4.83,4.83,4.83
04/04/2023,4.83,N/A,4.83,4.83,4.83
04/03/2023,4.83,N/A,4.83,4.83,4.83
03/31/2023,4.83,N/A,4.83,4.83,4.83
03/30/2023,4.83,N/A,4.83,4.83,4.83
03/29/2023,4.83,N/A,4.83,4.83,4.83
03/28/2023,4.83,N/A,4.83,4.83,4.83
03/27/2023,4.83,N/A,4.83,4.83,4.83
03/24/2023,4.83,N/A,4.83,4.83,4.83
03/23/2023,4.83,N/A,4.83,4.83,4.83
03/22/2023,4.58,N/A,4.58,4.58,4.58
03/21/2023,4.58,N/A,4.58,4.58,4.58
03/20/2023,4.58,N/A,4.58,4.58,4.58
03/17/2023,4.58,N/A,4.58,4.58,4.58
03/16/2023,4.58,N/A,4.58,4.58,4.58
03/15/2023,4.58,N/A,4.58,4.58,4.58
03/14/2023,4.58,N/A,4.58,4.58,4.58
03/13/2023,4.58,N/A,4.58,4.58,4.58
03/10/2023,4.57,N/A,4.57,4.57,4.57
03/09/2023,4.57,N/A,4.57,4.57,4.57
03/08/2023,4.57,N/A,4.57,4.57,4.57
03/07/2023,4.57,N/A,4.57,4.57,4.57
03/06/2023,4.57,N/A,4.57,4.57,4.57
03/03/2023,4.57,N/A,4.57,4.57,4.57
03/02/2023,4.57,N/A,4.57,4.57,4.57
03/01/2023,4.58,N/A,4.58,4.58,4.58
02/28/2023,4.57,N/A,4.57,4.57,4.57
02/27/2023,4.57,N/A,4.57,4.57,4.57
02/24/2023,4.58,N/A,4.58,4.58,4.58
02/23/2023,4.58,N/A,4.58,4.58,4.58
02/22/2023,4.58,N/A,4.58,4.58,4.58
02/21/2023,4.58,N/A,4.58,4.58,4.58
02/20/2023,4.58,N/A,4.58,4.58,4.58
02/17/2023,4.58,N/A,4.58,4.58,4.58
02/16/2023,4.58,N/A,4.58,4.58,4.58
02/15/2023,4.58,N/A,4.58,4.58,4.58
02/14/2023,4.58,N/A,4.58,4.58,4.58
02/13/2023,4.58,N/A,4.58,4.58,4.58
02/10/2023,4.58,N/A,4.58,4.58,4.58
02/09/2023,4.57,N/A,4.57,4.57,4.57
02/08/2023,4.58,N/A,4.58,4.58,4.58
02/07/2023,4.58,N/A,4.58,4.58,4.58
02/06/2023,4.58,N/A,4.58,4.58,4.58
02/03/2023,4.58,N/A,4.58,4.58,4.58
02/02/2023,4.58,N/A,4.58,4.58,4.58
02/01/2023,4.33,N/A,4.33,4.33,4.33
01/31/2023,4.33,N/A,4.33,4.33,4.33
01/30/2023,4.33,N/A,4.33,4.33,4.33
01/27/2023,4.33,N/A,4.33,4.33,4.33
01/26/2023,4.33,N/A,4.33,4.33,4.33
01/25/2023,4.33,N/A,4.33,4.33,4.33
01/24/2023,4.33,N/A,4.33,4.33,4.33
01/23/2023,4.33,N/A,4.33,4.33,4.33
01/20/2023,4.33,N/A,4.33,4.33,4.33
01/19/2023,4.33,N/A,4.33,4.33,4.33
01/18/2023,4.33,N/A,4.33,4.33,4.33
01/17/2023,4.33,N/A,4.33,4.33,4.33
01/16/2023,4.33,N/A,4.33,4.33,4.33
01/13/2023,4.33,N/A,4.33,4.33,4.33
01/12/2023,4.33,N/A,4.33,4.33,4.33
01/11/2023,4.33,N/A,4.33,4.33,4.33
01/10/2023,4.33,N/A,4.33,4.33,4.33
01/09/2023,4.33,N/A,4.33,4.33,4.33
01/06/2023,4.33,N/A,4.33,4.33,4.33
01/05/2023,4.33,N/A,4.33,4.33,4.33
01/04/2023,4.33,N/A,4.33,4.33,4.33
01/03/2023,4.33,N/A,4.33,4.33,4.33
01/02/2023,4.33,N/A,4.33,4.33,4.33
12/30/2022,4.33,N/A,4.33,4.33,4.33
12/29/2022,4.33,N/A,4.33,4.33,4.33
12/28/2022,4.33,N/A,4.33,4.33,4.33
12/27/2022,4.33,N/A,4.33,4.33,4.33
12/26/2022,4.33,N/A,4.33,4.33,4.33
12/23/2022,4.33,N/A,4.33,4.33,4.33
12/22/2022,4.33,N/A,4.33,4.33,4.33
12/21/2022,4.33,N/A,4.33,4.33,4.33
12/20/2022,4.33,N/A,4.33,4.33,4.33
12/19/2022,4.33,N/A,4.33,4.33,4.33
12/16/2022,4.33,N/A,4.33,4.33,4.33
12/15/2022,4.33,N/A,4.33,4.33,4.33
12/14/2022,3.83,N/A,3.83,3.83,3.83
12/13/2022,3.83,N/A,3.83,3.83,3.83
12/12/2022,3.83,N/A,3.83,3.83,3.83
12/09/2022,3.83,N/A,3.83,3.83,3.83
12/08/2022,3.83,N/A,3.83,3.83,3.83
12/07/2022,3.83,N/A,3.83,3.83,3.83
12/06/2022,3.83,N/A,3.83,3.83,3.83
12/05/2022,3.83,N/A,3.83,3.83,3.83
12/02/2022,3.83,N/A,3.83,3.83,3.83
12/01/2022,3.83,N/A,3.83,3.83,3.83
11/30/2022,3.83,N/A,3.83,3.83,3.83
11/29/2022,3.83,N/A,3.83,3.83,3.83
11/28/2022,3.83,N/A,3.83,3.83,3.83
11/25/2022,3.83,N/A,3.83,3.83,3.83
11/24/2022,3.83,N/A,3.83,3.83,3.83
11/23/2022,3.83,N/A,3.83,3.83,3.83
11/22/2022,3.83,N/A,3.83,3.83,3.83
11/21/2022,3.83,N/A,3.83,3.83,3.83
11/18/2022,3.83,N/A,3.83,3.83,3.83
11/17/2022,3.83,N/A,3.83,3.83,3.83
11/16/2022,3.83,N/A,3.83,3.83,3.83
11/15/2022,3.83,N/A,3.83,3.83,3.83
11/14/2022,3.83,N/A,3.83,3.83,3.83
11/11/2022,3.83,N/A,3.83,3.83,3.83
11/10/2022,3.83,N/A,3.83,3.83,3.83
11/09/2022,3.83,N/A,3.83,3.83,3.83
11/08/2022,3.83,N/A,3.83,3.83,3.83
11/07/2022,3.83,N/A,3.83,3.83,3.83
11/04/2022,3.83,N/A,3.83,3.83,3.83
11/03/2022,3.83,N/A,3.83,3.83,3.83
11/02/2022,3.08,N/A,3.08,3.08,3.08
11/01/2022,3.08,N/A,3.08,3.08,3.08
10/31/2022,3.08,N/A,3.08,3.08,3.08
10/28/2022,3.08,N/A,3.08,3.08,3.08
10/27/2022,3.08,N/A,3.08,3.08,3.08
10/26/2022,3.08,N/A,3.08,3.08,3.08
10/25/2022,3.08,N/A,3.08,3.08,3.08
10/24/2022,3.08,N/A,3.08,3.08,3.08
10/21/2022,3.08,N/A,3.08,3.08,3.08
10/20/2022,3.08,N/A,3.08,3.08,3.08
10/19/2022,3.08,N/A,3.08,3.08,3.08
10/18/2022,3.08,N/A,3.08,3.08,3.08
10/17/2022,3.08,N/A,3.08,3.08,3.08
10/14/2022,3.08,N/A,3.08,3.08,3.08
10/13/2022,3.08,N/A,3.08,3.08,3.08
10/12/2022,3.08,N/A,3.08,3.08,3.08
10/11/2022,3.08,N/A,3.08,3.08,3.08
10/10/2022,3.08,N/A,3.08,3.08,3.08
10/07/2022,3.08,N/A,3.08,3.08,3.08
10/06/2022,3.08,N/A,3.08,3.08,3.08
10/05/2022,3.08,N/A,3.08,3.08,3.08
10/04/2022,3.08,N/A,3.08,3.08,3.08
10/03/2022,3.08,N/A,3.08,3.08,3.08
09/30/2022,3.08,N/A,3.08,3.08,3.08
09/29/2022,3.08,N/A,3.08,3.08,3.08
09/28/2022,3.08,N/A,3.08,3.08,3.08
09/27/2022,3.08,N/A,3.08,3.08,3.08
09/26/2022,3.08,N/A,3.08,3.08,3.08
09/23/2022,3.08,N/A,3.08,3.08,3.08
09/22/2022,3.08,N/A,3.08,3.08,3.08
09/21/2022,2.33,N/A,2.33,2.33,2.33
09/20/2022,2.33,N/A,2.33,2.33,2.33
09/19/2022,2.33,N/A,2.33,2.33,2.33
09/16/2022,2.33,N/A,2.33,2.33,2.33
09/15/2022,2.33,N/A,2.33,2.33,2.33
09/14/2022,2.33,N/A,2.33,2.33,2.33
09/13/2022,2.33,N/A,2.33,2.33,2.33
09/12/2022,2.33,N/A,2.33,2.33,2.33
09/09/2022,2.33,N/A,2.33,2.33,2.33
09/08/2022,2.33,N/A,2.33,2.33,2.33
09/07/2022,2.33,N/A,2.33,2.33,2.33
09/06/2022,2.33,N/A,2.33,2.33,2.33
09/05/2022,2.33,N/A,2.33,2.33,2.33
09/02/2022,2.33,N/A,2.33,2.33,2.33
09/01/2022,2.33,N/A,2.33,2.33,2.33
08/31/2022,2.33,N/A,2.33,2.33,2.33
08/30/2022,2.33,N/A,2.33,2.33,2.33
08/29/2022,2.33,N/A,2.33,2.33,2.33
08/26/2022,2.33,N/A,2.33,2.33,2.33
08/25/2022,2.33,N/A,2.33,2.33,2.33
08/24/2022,2.33,N/A,2.33,2.33,2.33
08/23/2022,2.33,N/A,2.33,2.33,2.33
08/22/2022,2.33,N/A,2.33,2.33,2.33
08/19/2022,2.33,N/A,2.33,2.33,2.33
08/18/2022,2.33,N/A,2.33,2.33,2.33
08/17/2022,2.33,N/A,2.33,2.33,2.33
08/16/2022,2.33,N/A,2.33,2.33,2.33
08/15/2022,2.33,N/A,2.33,2.33,2.33
08/12/2022,2.33,N/A,2.33,2.33,2.33
08/11/2022,2.33,N/A,2.33,2.33,2.33
08/10/2022,2.33,N/A,2.33,2.33,2.33
08/09/2022,2.33,N/A,2.33,2.33,2.33
08/08/2022,2.33,N/A,2.33,2.33,2.33
08/05/2022,2.33,N/A,2.33,2.33,2.33
08/04/2022,2.33,N/A,2.33,2.33,2.33
08/03/2022,2.33,N/A,2.33,2.33,2.33
08/02/2022,2.33,N/A,2.33,2.33,2.33
08/01/2022,2.33,N/A,2.33,2.33,2.33
07/29/2022,2.32,N/A,2.32,2.32,2.32
07/28/2022,2.33,N/A,2.33,2.33,2.33
07/27/2022,1.58,N/A,1.58,1.58,1.58
07/26/2022,1.58,N/A,1.58,1.58,1.58
07/25/2022,1.58,N/A,1.58,1.58,1.58
07/22/2022,1.58,N/A,1.58,1.58,1.58
07/21/2022,1.58,N/A,1.58,1.58,1.58
07/20/2022,1.58,N/A,1.58,1.58,1.58
07/19/2022,1.58,N/A,1.58,1.58,1.58
07/18/2022,1.58,N/A,1.58,1.58,1.58
07/15/2022,1.58,N/A,1.58,1.58,1.58
07/14/2022,1.58,N/A,1.58,1.58,1.58
07/13/2022,1.58,N/A,1.58,1.58,1.58
07/12/2022,1.58,N/A,1.58,1.58,1.58
07/11/2022,1.58,N/A,1.58,1.58,1.58
07/08/2022,1.58,N/A,1.58,1.58,1.58
07/07/2022,1.58,N/A,1.58,1.58,1.58
07/06/2022,1.58,N/A,1.58,1.58,1.58
07/05/2022,1.58,N/A,1.58,1.58,1.58
07/04/2022,1.58,N/A,1.58,1.58,1.58
07/01/2022,1.58,N/A,1.58,1.58,1.58
06/30/2022,1.58,N/A,1.58,1.58,1.58
06/29/2022,1.58,N/A,1.58,1.58,1.58
06/28/2022,1.58,N/A,1.58,1.58,1.58
06/27/2022,1.58,N/A,1.58,1.58,1.58
06/24/2022,1.58,N/A,1.58,1.58,1.58
06/23/2022,1.58,N/A,1.58,1.58,1.58
06/22/2022,1.58,N/A,1.58,1.58,1.58
06/21/2022,1.58,N/A,1.58,1.58,1.58
06/20/2022,1.58,N/A,1.58,1.58,1.58
06/17/2022,1.58,N/A,1.58,1.58,1.58
06/16/2022,1.58,N/A,1.58,1.58,1.58
06/15/2022,0.83,N/A,0.83,0.83,0.83
06/14/2022,0.83,N/A,0.83,0.83,0.83
06/13/2022,0.83,N/A,0.83,0.83,0.83
06/10/2022,0.83,N/A,0.83,0.83,0.83
06/09/2022,0.83,N/A,0.83,0.83,0.83
06/08/2022,0.83,N/A,0.83,0.83,0.83
06/07/2022,0.83,N/A,0.83,0.83,0.83
06/06/2022,0.83,N/A,0.83,0.83,0.83
06/03/2022,0.83,N/A,0.83,0.83,0.83
06/02/2022,0.83,N/A,0.83,0.83,0.83
06/01/2022,0.83,N/A,0.83,0.83,0.83
05/31/2022,0.83,N/A,0.83,0.83,0.83
05/30/2022,0.83,N/A,0.83,0.83,0.83
05/27/2022,0.83,N/A,0.83,0.83,0.83
05/26/2022,0.83,N/A,0.83,0.83,0.83
05/25/2022,0.83,N/A,0.83,0.83,0.83
05/24/2022,0.83,N/A,0.83,0.83,0.83
05/23/2022,0.83,N/A,0.83,0.83,0.83
05/20/2022,0.83,N/A,0.83,0.83,0.83
05/19/2022,0.83,N/A,0.83,0.83,0.83
05/18/2022,0.83,N/A,0.83,0.83,0.83
05/17/2022,0.83,N/A,0.83,0.83,0.83
05/16/2022,0.83,N/A,0.83,0.83,0.83
05/13/2022,0.83,N/A,0.83,0.83,0.83
05/12/2022,0.83,N/A,0.83,0.83,0.83
05/11/2022,0.83,N/A,0.83,0.83,0.83
05/10/2022,0.83,N/A,0.83,0.83,0.83
05/09/2022,0.83,N/A,0.83,0.83,0.83
05/06/2022,0.83,N/A,0.83,0.83,0.83
05/05/2022,0.83,N/A,0.83,0.83,0.83
05/04/2022,0.33,N/A,0.33,0.33,0.33
05/03/2022,0.33,N/A,0.33,0.33,0.33
05/02/2022,0.33,N/A,0.33,0.33,0.33
04/29/2022,0.33,N/A,0.33,0.33,0.33
04/28/2022,0.33,N/A,0.33,0.33,0.33
04/27/2022,0.33,N/A,0.33,0.33,0.33
04/26/2022,0.33,N/A,0.33,0.33,0.33
04/25/2022,0.33,N/A,0.33,0.33,0.33
04/22/2022,0.33,N/A,0.33,0.33,0.33
04/21/2022,0.33,N/A,0.33,0.33,0.33
04/20/2022,0.33,N/A,0.33,0.33,0.33
04/19/2022,0.33,N/A,0.33,0.33,0.33
04/18/2022,0.33,N/A,0.33,0.33,0.33
04/15/2022,0.33,N/A,0.33,0.33,0.33
04/14/2022,0.33,N/A,0.33,0.33,0.33
04/13/2022,0.33,N/A,0.33,0.33,0.33
04/12/2022,0.33,N/A,0.33,0.33,0.33
04/11/2022,0.33,N/A,0.33,0.33,0.33
04/08/2022,0.33,N/A,0.33,0.33,0.33
04/07/2022,0.33,N/A,0.33,0.33,0.33
04/06/2022,0.33,N/A,0.33,0.33,0.33
04/05/2022,0.33,N/A,0.33,0.33,0.33
04/04/2022,0.33,N/A,0.33,0.33,0.33
04/01/2022,0.33,N/A,0.33,0.33,0.33
03/31/2022,0.33,N/A,0.33,0.33,0.33
03/30/2022,0.33,N/A,0.33,0.33,0.33
03/29/2022,0.33,N/A,0.33,0.33,0.33
03/28/2022,0.33,N/A,0.33,0.33,0.33
03/25/2022,0.33,N/A,0.33,0.33,0.33
03/24/2022,0.33,N/A,0.33,0.33,0.33
03/23/2022,0.33,N/A,0.33,0.33,0.33
03/22/2022,0.33,N/A,0.33,0.33,0.33
03/21/2022,0.33,N/A,0.33,0.33,0.33
03/18/2022,0.33,N/A,0.33,0.33,0.33
03/17/2022,0.33,N/A,0.33,0.33,0.33
03/16/2022,0.08,N/A,0.08,0.08,0.08
03/15/2022,0.08,N/A,0.08,0.08,0.08
03/14/2022,0.08,N/A,0.08,0.08,0.08
03/11/2022,0.08,N/A,0.08,0.08,0.08
03/10/2022,0.08,N/A,0.08,0.08,0.08
03/09/2022,0.08,N/A,0.08,0.08,0.08
03/08/2022,0.08,N/A,0.08,0.08,0.08
03/07/2022,0.08,N/A,0.08,0.08,0.08
03/04/2022,0.08,N/A,0.08,0.08,0.08
03/03/2022,0.08,N/A,0.08,0.08,0.08
03/02/2022,0.08,N/A,0.08,0.08,0.08
03/01/2022,0.08,N/A,0.08,0.08,0.08
02/28/2022,0.08,N/A,0.08,0.08,0.08
02/25/2022,0.08,N/A,0.08,0.08,0.08
02/24/2022,0.08,N/A,0.08,0.08,0.08
02/23/2022,0.08,N/A,0.08,0.08,0.08
02/22/2022,0.08,N/A,0.08,0.08,0.08
02/21/2022,0.08,N/A,0.08,0.08,0.08
02/18/2022,0.08,N/A,0.08,0.08,0.08
02/17/2022,0.08,N/A,0.08,0.08,0.08
02/16/2022,0.08,N/A,0.08,0.08,0.08
02/15/2022,0.08,N/A,0.08,0.08,0.08
02/14/2022,0.08,N/A,0.08,0.08,0.08
02/11/2022,0.08,N/A,0.08,0.08,0.08
02/10/2022,0.08,N/A,0.08,0.08,0.08
02/09/2022,0.08,N/A,0.08,0.08,0.08
02/08/2022,0.08,N/A,0.08,0.08,0.08
02/07/2022,0.08,N/A,0.08,0.08,0.08
02/04/2022,0.08,N/A,0.08,0.08,0.08
02/03/2022,0.08,N/A,0.08,0.08,0.08
02/02/2022,0.08,N/A,0.08,0.08,0.08
02/01/2022,0.08,N/A,0.08,0.08,0.08
01/31/2022,0.08,N/A,0.08,0.08,0.08
01/28/2022,0.08,N/A,0.08,0.08,0.08
01/27/2022,0.08,N/A,0.08,0.08,0.08
01/26/2022,0.08,N/A,0.08,0.08,0.08
01/25/2022,0.08,N/A,0.08,0.08,0.08
01/24/2022,0.08,N/A,0.08,0.08,0.08
01/21/2022,0.08,N/A,0.08,0.08,0.08
01/20/2022,0.08,N/A,0.08,0.08,0.08
01/19/2022,0.08,N/A,0.08,0.08,0.08
01/18/2022,0.08,N/A,0.08,0.08,0.08
01/17/2022,0.08,N/A,0.08,0.08,0.08
01/14/2022,0.08,N/A,0.08,0.08,0.08
01/13/2022,0.08,N/A,0.08,0.08,0.08
01/12/2022,0.08,N/A,0.08,0.08,0.08
01/11/2022,0.08,N/A,0.08,0.08,0.08
01/10/2022,0.08,N/A,0.08,0.08,0.08
01/07/2022,0.08,N/A,0.08,0.08,0.08
01/06/2022,0.08,N/A,0.08,0.08,0.08
01/05/2022,0.08,N/A,0.08,0.08,0.08
01/04/2022,0.08,N/A,0.08,0.08,0.08
01/03/2022,0.08,N/A,0.08,0.08,0.08
12/31/2021,0.07,N/A,0.07,0.07,0.07
12/30/2021,0.08,N/A,0.08,0.08,0.08
12/29/2021,0.08,N/A,0.08,0.08,0.08
12/28/2021,0.08,N/A,0.08,0.08,0.08
12/27/2021,0.08,N/A,0.08,0.08,0.08
12/24/2021,0.08,N/A,0.08,0.08,0.08
12/23/2021,0.08,N/A,0.08,0.08,0.08
12/22/2021,0.08,N/A,0.08,0.08,0.08
12/21/2021,0.08,N/A,0.08,0.08,0.08
12/20/2021,0.08,N/A,0.08,0.08,0.08
12/17/2021,0.08,N/A,0.08,0.08,0.08
12/16/2021,0.08,N/A,0.08,0.08,0.08
12/15/2021,0.08,N/A,0.08,0.08,0.08
12/14/2021,0.08,N/A,0.08,0.08,0.08
12/13/2021,0.08,N/A,0.08,0.08,0.08
12/10/2021,0.08,N/A,0.08,0.08,0.08
12/09/2021,0.08,N/A,0.08,0.08,0.08
12/08/2021,0.08,N/A,0.08,0.08,0.08
12/07/2021,0.08,N/A,0.08,0.08,0.08
12/06/2021,0.08,N/A,0.08,0.08,0.08
12/03/2021,0.08,N/A,0.08,0.08,0.08
12/02/2021,0.08,N/A,0.08,0.08,0.08
12/01/2021,0.08,N/A,0.08,0.08,0.08
11/30/2021,0.07,N/A,0.07,0.07,0.07
11/29/2021,0.08,N/A,0.08,0.08,0.08
11/26/2021,0.08,N/A,0.08,0.08,0.08
11/25/2021,0.08,N/A,0.08,0.08,0.08
11/24/2021,0.08,N/A,0.08,0.08,0.08
11/23/2021,0.08,N/A,0.08,0.08,0.08
11/22/2021,0.08,N/A,0.08,0.08,0.08
11/19/2021,0.08,N/A,0.08,0.08,0.08
11/18/2021,0.08,N/A,0.08,0.08,0.08
11/17/2021,0.08,N/A,0.08,0.08,0.08
11/16/2021,0.08,N/A,0.08,0.08,0.08
11/15/2021,0.08,N/A,0.08,0.08,0.08
11/12/2021,0.08,N/A,0.08,0.08,0.08
11/11/2021,0.08,N/A,0.08,0.08,0.08
11/10/2021,0.08,N/A,0.08,0.08,0.08
11/09/2021,0.08,N/A,0.08,0.08,0.08
11/08/2021,0.08,N/A,0.08,0.08,0.08
11/05/2021,0.08,N/A,0.08,0.08,0.08
11/04/2021,0.08,N/A,0.08,0.08,0.08
11/03/2021,0.08,N/A,0.08,0.08,0.08
11/02/2021,0.08,N/A,0.08,0.08,0.08
11/01/2021,0.08,N/A,0.08,0.08,0.08
10/29/2021,0.07,N/A,0.07,0.07,0.07
10/28/2021,0.08,N/A,0.08,0.08,0.08
10/27/2021,0.08,N/A,0.08,0.08,0.08
10/26/2021,0.08,N/A,0.08,0.08,0.08
10/25/2021,0.08,N/A,0.08,0.08,0.08
10/22/2021,0.08,N/A,0.08,0.08,0.08
10/21/2021,0.08,N/A,0.08,0.08,0.08
10/20/2021,0.08,N/A,0.08,0.08,0.08
10/19/2021,0.08,N/A,0.08,0.08,0.08
10/18/2021,0.08,N/A,0.08,0.08,0.08
10/15/2021,0.08,N/A,0.08,0.08,0.08
10/14/2021,0.08,N/A,0.08,0.08,0.08
10/13/2021,0.08,N/A,0.08,0.08,0.08
10/12/2021,0.08,N/A,0.08,0.08,0.08
10/11/2021,0.08,N/A,0.08,0.08,0.08
10/08/2021,0.08,N/A,0.08,0.08,0.08
10/07/2021,0.08,N/A,0.08,0.08,0.08
10/06/2021,0.08,N/A,0.08,0.08,0.08
10/05/2021,0.08,N/A,0.08,0.08,0.08
10/04/2021,0.08,N/A,0.08,0.08,0.08
10/01/2021,0.08,N/A,0.08,0.08,0.08
09/30/2021,0.06,N/A,0.06,0.06,0.06
09/29/2021,0.08,N/A,0.08,0.08,0.08
09/28/2021,0.08,N/A,0.08,0.08,0.08
09/27/2021,0.08,N/A,0.08,0.08,0.08
09/24/2021,0.08,N/A,0.08,0.08,0.08
09/23/2021,0.08,N/A,0.08,0.08,0.08
09/22/2021,0.08,N/A,0.08,0.08,0.08
09/21/2021,0.08,N/A,0.08,0.08,0.08
09/20/2021,0.08,N/A,0.08,0.08,0.08
09/17/2021,0.08,N/A,0.08,0.08,0.08
09/16/2021,0.08,N/A,0.08,0.08,0.08
09/15/2021,0.08,N/A,0.08,0.08,0.08
09/14/2021,0.08,N/A,0.08,0.08,0.08
09/13/2021,0.08,N/A,0.08,0.08,0.08
09/10/2021,0.08,N/A,0.08,0.08,0.08
09/09/2021,0.08,N/A,0.08,0.08,0.08
09/08/2021,0.08,N/A,0.08,0.08,0.08
09/07/2021,0.08,N/A,0.08,0.08,0.08
09/06/2021,0.08,N/A,0.08,0.08,0.08
09/03/2021,0.08,N/A,0.08,0.08,0.08
09/02/2021,0.08,N/A,0.08,0.08,0.08
09/01/2021,0.08,N/A,0.08,0.08,0.08
08/31/2021,0.06,N/A,0.06,0.06,0.06
08/30/2021,0.08,N/A,0.08,0.08,0.08
08/27/2021,0.08,N/A,0.08,0.08,0.08
08/26/2021,0.09,N/A,0.09,0.09,0.09
08/25/2021,0.09,N/A,0.09,0.09,0.09
08/24/2021,0.09,N/A,0.09,0.09,0.09
08/23/2021,0.09,N/A,0.09,0.09,0.09
08/20/2021,0.09,N/A,0.09,0.09,0.09
08/19/2021,0.09,N/A,0.09,0.09,0.09
08/18/2021,0.09,N/A,0.09,0.09,0.09
08/17/2021,0.10,N/A,0.10,0.10,0.10
08/16/2021,0.10,N/A,0.10,0.10,0.10
08/13/2021,0.10,N/A,0.10,0.10,0.10
08/12/2021,0.10,N/A,0.10,0.10,0.10
08/11/2021,0.10,N/A,0.10,0.10,0.10
08/10/2021,0.10,N/A,0.10,0.10,0.10
08/09/2021,0.10,N/A,0.10,0.10,0.10
08/06/2021,0.10,N/A,0.10,0.10,0.10
08/05/2021,0.10,N/A,0.10,0.10,0.10
08/04/2021,0.10,N/A,0.10,0.10,0.10
08/03/2021,0.10,N/A,0.10,0.10,0.10
08/02/2021,0.10,N/A,0.10,0.10,0.10
07/30/2021,0.07,N/A,0.07,0.07,0.07
07/29/2021,0.10,N/A,0.10,0.10,0.10
07/28/2021,0.10,N/A,0.10,0.10,0.10
07/27/2021,0.10,N/A,0.10,0.10,0.10
07/26/2021,0.10,N/A,0.10,0.10,0.10
07/23/2021,0.10,N/A,0.10,0.10,0.10
07/22/2021,0.10,N/A,0.10,0.10,0.10
07/21/2021,0.10,N/A,0.10,0.10,0.10
07/20/2021,0.10,N/A,0.10,0.10,0.10
07/19/2021,0.10,N/A,0.10,0.10,0.10
07/16/2021,0.10,N/A,0.10,0.10,0.10
07/15/2021,0.10,N/A,0.10,0.10,0.10
07/14/2021,0.10,N/A,0.10,0.10,0.10
07/13/2021,0.10,N/A,0.10,0.10,0.10
07/12/2021,0.10,N/A,0.10,0.10,0.10
07/09/2021,0.10,N/A,0.10,0.10,0.10
07/08/2021,0.10,N/A,0.10,0.10,0.10
07/07/2021,0.10,N/A,0.10,0.10,0.10
07/06/2021,0.10,N/A,0.10,0.10,0.10
07/05/2021,0.10,N/A,0.10,0.10,0.10
07/02/2021,0.10,N/A,0.10,0.10,0.10
07/01/2021,0.10,N/A,0.10,0.10,0.10
06/30/2021,0.08,N/A,0.08,0.08,0.08
06/29/2021,0.10,N/A,0.10,0.10,0.10
06/28/2021,0.10,N/A,0.10,0.10,0.10
06/25/2021,0.10,N/A,0.10,0.10,0.10
06/24/2021,0.10,N/A,0.10,0.10,0.10
06/23/2021,0.10,N/A,0.10,0.10,0.10
06/22/2021,0.10,N/A,0.10,0.10,0.10
06/21/2021,0.10,N/A,0.10,0.10,0.10
06/18/2021,0.10,N/A,0.10,0.10,0.10
06/17/2021,0.06,N/A,0.06,0.06,0.06
06/16/2021,0.06,N/A,0.06,0.06,0.06
06/15/2021,0.06,N/A,0.06,0.06,0.06
06/14/2021,0.06,N/A,0.06,0.06,0.06
06/11/2021,0.06,N/A,0.06,0.06,0.06
06/10/2021,0.06,N/A,0.06,0.06,0.06
06/09/2021,0.06,N/A,0.06,0.06,0.06
06/08/2021,0.06,N/A,0.06,0.06,0.06
06/07/2021,0.06,N/A,0.06,0.06,0.06
06/04/2021,0.06,N/A,0.06,0.06,0.06
06/03/2021,0.06,N/A,0.06,0.06,0.06
06/02/2021,0.06,N/A,0.06,0.06,0.06
06/01/2021,0.06,N/A,0.06,0.06,0.06
05/31/2021,0.05,N/A,0.05,0.05,0.05
05/28/2021,0.06,N/A,0.06,0.06,0.06
05/27/2021,0.06,N/A,0.06,0.06,0.06
05/26/2021,0.06,N/A,0.06,0.06,0.06
05/25/2021,0.06,N/A,0.06,0.06,0.06
05/24/2021,0.06,N/A,0.06,0.06,0.06
05/21/2021,0.06,N/A,0.06,0.06,0.06
05/20/2021,0.06,N/A,0.06,0.06,0.06
05/19/2021,0.06,N/A,0.06,0.06,0.06
05/18/2021,0.06,N/A,0.06,0.06,0.06
05/17/2021,0.06,N/A,0.06,0.06,0.06
05/14/2021,0.06,N/A,0.06,0.06,0.06
05/13/2021,0.06,N/A,0.06,0.06,0.06
05/12/2021,0.06,N/A,0.06,0.06,0.06
05/11/2021,0.06,N/A,0.06,0.06,0.06
05/10/2021,0.06,N/A,0.06,0.06,0.06
05/07/2021,0.06,N/A,0.06,0.06,0.06
05/06/2021,0.06,N/A,0.06,0.06,0.06
05/05/2021,0.06,N/A,0.06,0.06,0.06
05/04/2021,0.06,N/A,0.06,0.06,0.06
05/03/2021,0.05,N/A,0.05,0.05,0.05
04/30/2021,0.05,N/A,0.05,0.05,0.05
04/29/2021,0.06,N/A,0.06,0.06,0.06
04/28/2021,0.07,N/A,0.07,0.07,0.07
04/27/2021,0.07,N/A,0.07,0.07,0.07
04/26/2021,0.07,N/A,0.07,0.07,0.07
04/23/2021,0.07,N/A,0.07,0.07,0.07
04/22/2021,0.07,N/A,0.07,0.07,0.07
04/21/2021,0.07,N/A,0.07,0.07,0.07
04/20/2021,0.07,N/A,0.07,0.07,0.07
04/19/2021,0.07,N/A,0.07,0.07,0.07
04/16/2021,0.07,N/A,0.07,0.07,0.07
04/15/2021,0.07,N/A,0.07,0.07,0.07
04/14/2021,0.07,N/A,0.07,0.07,0.07
04/13/2021,0.07,N/A,0.07,0.07,0.07
04/12/2021,0.07,N/A,0.07,0.07,0.07
04/09/2021,0.07,N/A,0.07,0.07,0.07
04/08/2021,0.07,N/A,0.07,0.07,0.07
04/07/2021,0.07,N/A,0.07,0.07,0.07
04/06/2021,0.07,N/A,0.07,0.07,0.07
04/05/2021,0.07,N/A,0.07,0.07,0.07
04/02/2021,0.07,N/A,0.07,0.07,0.07
04/01/2021,0.06,N/A,0.06,0.06,0.06
03/31/2021,0.06,N/A,0.06,0.06,0.06
03/30/2021,0.07,N/A,0.07,0.07,0.07
03/29/2021,0.07,N/A,0.07,0.07,0.07
03/26/2021,0.07,N/A,0.07,0.07,0.07
03/25/2021,0.07,N/A,0.07,0.07,0.07
03/24/2021,0.07,N/A,0.07,0.07,0.07
03/23/2021,0.07,N/A,0.07,0.07,0.07
03/22/2021,0.07,N/A,0.07,0.07,0.07
03/19/2021,0.07,N/A,0.07,0.07,0.07
03/18/2021,0.07,N/A,0.07,0.07,0.07
03/17/2021,0.07,N/A,0.07,0.07,0.07
03/16/2021,0.07,N/A,0.07,0.07,0.07
03/15/2021,0.07,N/A,0.07,0.07,0.07
03/12/2021,0.07,N/A,0.07,0.07,0.07
03/11/2021,0.07,N/A,0.07,0.07,0.07
03/10/2021,0.07,N/A,0.07,0.07,0.07
03/09/2021,0.07,N/A,0.07,0.07,0.07
03/08/2021,0.07,N/A,0.07,0.07,0.07
03/05/2021,0.07,N/A,0.07,0.07,0.07
03/04/2021,0.07,N/A,0.07,0.07,0.07
03/03/2021,0.07,N/A,0.07,0.07,0.07
03/02/2021,0.07,N/A,0.07,0.07,0.07
03/01/2021,0.07,N/A,0.07,0.07,0.07
02/26/2021,0.07,N/A,0.07,0.07,0.07
02/25/2021,0.07,N/A,0.07,0.07,0.07
02/24/2021,0.07,N/A,0.07,0.07,0.07
02/23/2021,0.07,N/A,0.07,0.07,0.07
02/22/2021,0.07,N/A,0.07,0.07,0.07
02/19/2021,0.07,N/A,0.07,0.07,0.07
02/18/2021,0.07,N/A,0.07,0.07,0.07
02/17/2021,0.08,N/A,0.08,0.08,0.08
02/16/2021,0.08,N/A,0.08,0.08,0.08
02/15/2021,0.08,N/A,0.08,0.08,0.08
02/12/2021,0.08,N/A,0.08,0.08,0.08
02/11/2021,0.08,N/A,0.08,0.08,0.08
02/10/2021,0.08,N/A,0.08,0.08,0.08
02/09/2021,0.08,N/A,0.08,0.08,0.08
02/08/2021,0.07,N/A,0.07,0.07,0.07
02/05/2021,0.08,N/A,0.08,0.08,0.08
02/04/2021,0.08,N/A,0.08,0.08,0.08
02/03/2021,0.08,N/A,0.08,0.08,0.08
02/02/2021,0.08,N/A,0.08,0.08,0.08
02/01/2021,0.08,N/A,0.08,0.08,0.08
01/29/2021,0.07,N/A,0.07,0.07,0.07
01/28/2021,0.07,N/A,0.07,0.07,0.07
01/27/2021,0.08,N/A,0.08,0.08,0.08
01/26/2021,0.08,N/A,0.08,0.08,0.08
01/25/2021,0.08,N/A,0.08,0.08,0.08
01/22/2021,0.08,N/A,0.08,0.08,0.08
01/21/2021,0.08,N/A,0.08,0.08,0.08
01/20/2021,0.09,N/A,0.09,0.09,0.09
01/19/2021,0.09,N/A,0.09,0.09,0.09
01/18/2021,0.09,N/A,0.09,0.09,0.09
01/15/2021,0.09,N/A,0.09,0.09,0.09
01/14/2021,0.09,N/A,0.09,0.09,0.09
01/13/2021,0.09,N/A,0.09,0.09,0.09
01/12/2021,0.09,N/A,0.09,0.09,0.09
01/11/2021,0.09,N/A,0.09,0.09,0.09
01/08/2021,0.09,N/A,0.09,0.09,0.09
01/07/2021,0.09,N/A,0.09,0.09,0.09
01/06/2021,0.09,N/A,0.09,0.09,0.09
01/05/2021,0.09,N/A,0.09,0.09,0.09
01/04/2021,0.09,N/A,0.09,0.09,0.09
01/01/2021,0.09,N/A,0.09,0.09,0.09
12/31/2020,0.09,N/A,0.09,0.09,0.09
12/30/2020,0.09,N/A,0.09,0.09,0.09
12/29/2020,0.09,N/A,0.09,0.09,0.09
12/28/2020,0.09,N/A,0.09,0.09,0.09
12/25/2020,0.09,N/A,0.09,0.09,0.09
12/24/2020,0.09,N/A,0.09,0.09,0.09
12/23/2020,0.09,N/A,0.09,0.09,0.09
12/22/2020,0.09,N/A,0.09,0.09,0.09
12/21/2020,0.09,N/A,0.09,0.09,0.09
12/18/2020,0.09,N/A,0.09,0.09,0.09
12/17/2020,0.09,N/A,0.09,0.09,0.09
12/16/2020,0.09,N/A,0.09,0.09,0.09
12/15/2020,0.09,N/A,0.09,0.09,0.09
12/14/2020,0.09,N/A,0.09,0.09,0.09
12/11/2020,0.09,N/A,0.09,0.09,0.09
12/10/2020,0.09,N/A,0.09,0.09,0.09
12/09/2020,0.09,N/A,0.09,0.09,0.09
12/08/2020,0.09,N/A,0.09,0.09,0.09
12/07/2020,0.09,N/A,0.09,0.09,0.09
12/04/2020,0.09,N/A,0.09,0.09,0.09
12/03/2020,0.09,N/A,0.09,0.09,0.09
12/02/2020,0.09,N/A,0.09,0.09,0.09
12/01/2020,0.09,N/A,0.09,0.09,0.09
11/30/2020,0.09,N/A,0.09,0.09,0.09
11/27/2020,0.08,N/A,0.08,0.08,0.08
11/26/2020,0.08,N/A,0.08,0.08,0.08
11/25/2020,0.08,N/A,0.08,0.08,0.08
11/24/2020,0.08,N/A,0.08,0.08,0.08
11/23/2020,0.08,N/A,0.08,0.08,0.08
11/20/2020,0.08,N/A,0.08,0.08,0.08
11/19/2020,0.08,N/A,0.08,0.08,0.08
11/18/2020,0.09,N/A,0.09,0.09,0.09
11/17/2020,0.09,N/A,0.09,0.09,0.09
11/16/2020,0.09,N/A,0.09,0.09,0.09
11/13/2020,0.09,N/A,0.09,0.09,0.09
11/12/2020,0.09,N/A,0.09,0.09,0.09
11/11/2020,0.09,N/A,0.09,0.09,0.09
11/10/2020,0.09,N/A,0.09,0.09,0.09
11/09/2020,0.09,N/A,0.09,0.09,0.09
11/06/2020,0.09,N/A,0.09,0.09,0.09
11/05/2020,0.09,N/A,0.09,0.09,0.09
11/04/2020,0.09,N/A,0.09,0.09,0.09
11/03/2020,0.09,N/A,0.09,0.09,0.09
11/02/2020,0.09,N/A,0.09,0.09,0.09
10/30/2020,0.09,N/A,0.09,0.09,0.09
10/29/2020,0.09,N/A,0.09,0.09,0.09
10/28/2020,0.09,N/A,0.09,0.09,0.09
10/27/2020,0.09,N/A,0.09,0.09,0.09
10/26/2020,0.09,N/A,0.09,0.09,0.09
10/23/2020,0.09,N/A,0.09,0.09,0.09
10/22/2020,0.09,N/A,0.09,0.09,0.09
10/21/2020,0.09,N/A,0.09,0.09,0.09
10/20/2020,0.09,N/A,0.09,0.09,0.09
10/19/2020,0.09,N/A,0.09,0.09,0.09
10/16/2020,0.09,N/A,0.09,0.09,0.09
10/15/2020,0.09,N/A,0.09,0.09,0.09
10/14/2020,0.09,N/A,0.09,0.09,0.09
10/13/2020,0.09,N/A,0.09,0.09,0.09
10/12/2020,0.09,N/A,0.09,0.09,0.09
10/09/2020,0.09,N/A,0.09,0.09,0.09
10/08/2020,0.09,N/A,0.09,0.09,0.09
10/07/2020,0.09,N/A,0.09,0.09,0.09
10/06/2020,0.09,N/A,0.09,0.09,0.09
10/05/2020,0.09,N/A,0.09,0.09,0.09
10/02/2020,0.09,N/A,0.09,0.09,0.09
10/01/2020,0.09,N/A,0.09,0.09,0.09
09/30/2020,0.09,N/A,0.09,0.09,0.09
09/29/2020,0.09,N/A,0.09,0.09,0.09
09/28/2020,0.09,N/A,0.09,0.09,0.09
09/25/2020,0.09,N/A,0.09,0.09,0.09
09/24/2020,0.09,N/A,0.09,0.09,0.09
09/23/2020,0.09,N/A,0.09,0.09,0.09
09/22/2020,0.09,N/A,0.09,0.09,0.09
09/21/2020,0.09,N/A,0.09,0.09,0.09
09/18/2020,0.09,N/A,0.09,0.09,0.09
09/17/2020,0.09,N/A,0.09,0.09,0.09
09/16/2020,0.09,N/A,0.09,0.09,0.09
09/15/2020,0.09,N/A,0.09,0.09,0.09
09/14/2020,0.09,N/A,0.09,0.09,0.09
09/11/2020,0.09,N/A,0.09,0.09,0.09
09/10/2020,0.09,N/A,0.09,0.09,0.09
09/09/2020,0.09,N/A,0.09,0.09,0.09
09/08/2020,0.09,N/A,0.09,0.09,0.09
09/07/2020,0.09,N/A,0.09,0.09,0.09
09/04/2020,0.09,N/A,0.09,0.09,0.09
09/03/2020,0.09,N/A,0.09,0.09,0.09
09/02/2020,0.09,N/A,0.09,0.09,0.09
09/01/2020,0.09,N/A,0.09,0.09,0.09
08/31/2020,0.09,N/A,0.09,0.09,0.09
08/28/2020,0.09,N/A,0.09,0.09,0.09
08/27/2020,0.08,N/A,0.08,0.08,0.08
08/26/2020,0.09,N/A,0.09,0.09,0.09
08/25/2020,0.09,N/A,0.09,0.09,0.09
08/24/2020,0.09,N/A,0.09,0.09,0.09
08/21/2020,0.09,N/A,0.09,0.09,0.09
08/20/2020,0.09,N/A,0.09,0.09,0.09
08/19/2020,0.09,N/A,0.09,0.09,0.09
08/18/2020,0.09,N/A,0.09,0.09,0.09
08/17/2020,0.10,N/A,0.10,0.10,0.10
08/14/2020,0.10,N/A,0.10,0.10,0.10
08/13/2020,0.10,N/A,0.10,0.10,0.10
08/12/2020,0.10,N/A,0.10,0.10,0.10
08/11/2020,0.10,N/A,0.10,0.10,0.10
08/10/2020,0.10,N/A,0.10,0.10,0.10
08/07/2020,0.10,N/A,0.10,0.10,0.10
08/06/2020,0.10,N/A,0.10,0.10,0.10
08/05/2020,0.10,N/A,0.10,0.10,0.10
08/04/2020,0.10,N/A,0.10,0.10,0.10
08/03/2020,0.10,N/A,0.10,0.10,0.10
07/31/2020,0.10,N/A,0.10,0.10,0.10
07/30/2020,0.10,N/A,0.10,0.10,0.10
07/29/2020,0.10,N/A,0.10,0.10,0.10
07/28/2020,0.10,N/A,0.10,0.10,0.10
07/27/2020,0.10,N/A,0.10,0.10,0.10
07/24/2020,0.09,N/A,0.09,0.09,0.09
07/23/2020,0.09,N/A,0.09,0.09,0.09
07/22/2020,0.09,N/A,0.09,0.09,0.09
07/21/2020,0.10,N/A,0.10,0.10,0.10
07/20/2020,0.10,N/A,0.10,0.10,0.10
07/17/2020,0.09,N/A,0.09,0.09,0.09
07/16/2020,0.10,N/A,0.10,0.10,0.10
07/15/2020,0.10,N/A,0.10,0.10,0.10
07/14/2020,0.09,N/A,0.09,0.09,0.09
07/13/2020,0.09,N/A,0.09,0.09,0.09
07/10/2020,0.09,N/A,0.09,0.09,0.09
07/09/2020,0.09,N/A,0.09,0.09,0.09
07/08/2020,0.09,N/A,0.09,0.09,0.09
07/07/2020,0.09,N/A,0.09,0.09,0.09
07/06/2020,0.09,N/A,0.09,0.09,0.09
07/03/2020,0.09,N/A,0.09,0.09,0.09
07/02/2020,0.08,N/A,0.08,0.08,0.08
07/01/2020,0.08,N/A,0.08,0.08,0.08
06/30/2020,0.08,N/A,0.08,0.08,0.08
06/29/2020,0.08,N/A,0.08,0.08,0.08
06/26/2020,0.08,N/A,0.08,0.08,0.08
06/25/2020,0.08,N/A,0.08,0.08,0.08
06/24/2020,0.08,N/A,0.08,0.08,0.08
06/23/2020,0.08,N/A,0.08,0.08,0.08
06/22/2020,0.08,N/A,0.08,0.08,0.08
06/19/2020,0.09,N/A,0.09,0.09,0.09
06/18/2020,0.09,N/A,0.09,0.09,0.09
06/17/2020,0.09,N/A,0.09,0.09,0.09
06/16/2020,0.09,N/A,0.09,0.09,0.09
06/15/2020,0.09,N/A,0.09,0.09,0.09
06/12/2020,0.08,N/A,0.08,0.08,0.08
06/11/2020,0.08,N/A,0.08,0.08,0.08
06/10/2020,0.08,N/A,0.08,0.08,0.08
06/09/2020,0.07,N/A,0.07,0.07,0.07
06/08/2020,0.07,N/A,0.07,0.07,0.07
06/05/2020,0.07,N/A,0.07,0.07,0.07
06/04/2020,0.06,N/A,0.06,0.06,0.06
06/03/2020,0.06,N/A,0.06,0.06,0.06
06/02/2020,0.06,N/A,0.06,0.06,0.06
06/01/2020,0.05,N/A,0.05,0.05,0.05
05/29/2020,0.05,N/A,0.05,0.05,0.05
05/28/2020,0.05,N/A,0.05,0.05,0.05
05/27/2020,0.05,N/A,0.05,0.05,0.05
05/26/2020,0.05,N/A,0.05,0.05,0.05
05/25/2020,0.05,N/A,0.05,0.05,0.05
05/22/2020,0.05,N/A,0.05,0.05,0.05
05/21/2020,0.05,N/A,0.05,0.05,0.05
05/20/2020,0.05,N/A,0.05,0.05,0.05
05/19/2020,0.05,N/A,0.05,0.05,0.05
05/18/2020,0.05,N/A,0.05,0.05,0.05
05/15/2020,0.05,N/A,0.05,0.05,0.05
05/14/2020,0.05,N/A,0.05,0.05,0.05
05/13/2020,0.05,N/A,0.05,0.05,0.05
05/12/2020,0.05,N/A,0.05,0.05,0.05
05/11/2020,0.05,N/A,0.05,0.05,0.05
05/08/2020,0.05,N/A,0.05,0.05,0.05
05/07/2020,0.05,N/A,0.05,0.05,0.05
05/06/2020,0.05,N/A,0.05,0.05,0.05
05/05/2020,0.05,N/A,0.05,0.05,0.05
05/04/2020,0.05,N/A,0.05,0.05,0.05
05/01/2020,0.05,N/A,0.05,0.05,0.05
04/30/2020,0.05,N/A,0.05,0.05,0.05
04/29/2020,0.04,N/A,0.04,0.04,0.04
04/28/2020,0.04,N/A,0.04,0.04,0.04
04/27/2020,0.04,N/A,0.04,0.04,0.04
04/24/2020,0.05,N/A,0.05,0.05,0.05
04/23/2020,0.04,N/A,0.04,0.04,0.04
04/22/2020,0.05,N/A,0.05,0.05,0.05
04/21/2020,0.05,N/A,0.05,0.05,0.05
04/20/2020,0.05,N/A,0.05,0.05,0.05
04/17/2020,0.05,N/A,0.05,0.05,0.05
04/16/2020,0.05,N/A,0.05,0.05,0.05
04/15/2020,0.05,N/A,0.05,0.05,0.05
04/14/2020,0.05,N/A,0.05,0.05,0.05
04/13/2020,0.05,N/A,0.05,0.05,0.05
04/10/2020,0.05,N/A,0.05,0.05,0.05
04/09/2020,0.05,N/A,0.05,0.05,0.05
04/08/2020,0.05,N/A,0.05,0.05,0.05
04/07/2020,0.05,N/A,0.05,0.05,0.05
04/06/2020,0.05,N/A,0.05,0.05,0.05
04/03/2020,0.05,N/A,0.05,0.05,0.05
04/02/2020,0.05,N/A,0.05,0.05,0.05
04/01/2020,0.06,N/A,0.06,0.06,0.06
03/31/2020,0.08,N/A,0.08,0.08,0.08
03/30/2020,0.09,N/A,0.09,0.09,0.09
03/27/2020,0.10,N/A,0.10,0.10,0.10
03/26/2020,0.10,N/A,0.10,0.10,0.10
03/25/2020,0.12,N/A,0.12,0.12,0.12
03/24/2020,0.12,N/A,0.12,0.12,0.12
03/23/2020,0.15,N/A,0.15,0.15,0.15
03/20/2020,0.15,N/A,0.15,0.15,0.15
03/19/2020,0.20,N/A,0.20,0.20,0.20
03/18/2020,0.25,N/A,0.25,0.25,0.25
03/17/2020,0.25,N/A,0.25,0.25,0.25
03/16/2020,0.25,N/A,0.25,0.25,0.25
03/13/2020,1.10,N/A,1.10,1.10,1.10
03/12/2020,1.10,N/A,1.10,1.10,1.10
03/11/2020,1.09,N/A,1.09,1.09,1.09
03/10/2020,1.09,N/A,1.09,1.09,1.09
03/09/2020,1.09,N/A,1.09,1.09,1.09
03/06/2020,1.09,N/A,1.09,1.09,1.09
03/05/2020,1.09,N/A,1.09,1.09,1.09
03/04/2020,1.09,N/A,1.09,1.09,1.09
03/03/2020,1.59,N/A,1.59,1.59,1.59
03/02/2020,1.59,N/A,1.59,1.59,1.59
02/28/2020,1.58,N/A,1.58,1.58,1.58
02/27/2020,1.58,N/A,1.58,1.58,1.58
02/26/2020,1.58,N/A,1.58,1.58,1.58
02/25/2020,1.58,N/A,1.58,1.58,1.58
02/24/2020,1.58,N/A,1.58,1.58,1.58
02/21/2020,1.58,N/A,1.58,1.58,1.58
02/20/2020,1.59,N/A,1.59,1.59,1.59
02/19/2020,1.59,N/A,1.59,1.59,1.59
02/18/2020,1.59,N/A,1.59,1.59,1.59
02/17/2020,1.58,N/A,1.58,1.58,1.58
02/14/2020,1.58,N/A,1.58,1.58,1.58
02/13/2020,1.58,N/A,1.58,1.58,1.58
02/12/2020,1.58,N/A,1.58,1.58,1.58
02/11/2020,1.58,N/A,1.58,1.58,1.58
02/10/2020,1.58,N/A,1.58,1.58,1.58
02/07/2020,1.58,N/A,1.58,1.58,1.58
02/06/2020,1.59,N/A,1.59,1.59,1.59
02/05/2020,1.59,N/A,1.59,1.59,1.59
02/04/2020,1.59,N/A,1.59,1.59,1.59
02/03/2020,1.59,N/A,1.59,1.59,1.59
01/31/2020,1.59,N/A,1.59,1.59,1.59
01/30/2020,1.60,N/A,1.60,1.60,1.60
01/29/2020,1.55,N/A,1.55,1.55,1.55
01/28/2020,1.55,N/A,1.55,1.55,1.55
01/27/2020,1.55,N/A,1.55,1.55,1.55
01/24/2020,1.55,N/A,1.55,1.55,1.55
01/23/2020,1.55,N/A,1.55,1.55,1.55
01/22/2020,1.55,N/A,1.55,1.55,1.55
01/21/2020,1.55,N/A,1.55,1.55,1.55
01/20/2020,1.55,N/A,1.55,1.55,1.55
01/17/2020,1.54,N/A,1.54,1.54,1.54
01/16/2020,1.54,N/A,1.54,1.54,1.54
01/15/2020,1.54,N/A,1.54,1.54,1.54
01/14/2020,1.54,N/A,1.54,1.54,1.54
01/13/2020,1.54,N/A,1.54,1.54,1.54
01/10/2020,1.54,N/A,1.54,1.54,1.54
01/09/2020,1.55,N/A,1.55,1.55,1.55
01/08/2020,1.55,N/A,1.55,1.55,1.55
01/07/2020,1.55,N/A,1.55,1.55,1.55
01/06/2020,1.55,N/A,1.55,1.55,1.55
01/03/2020,1.55,N/A,1.55,1.55,1.55
01/02/2020,1.55,N/A,1.55,1.55,1.55
01/01/2020,1.55,N/A,1.55,1.55,1.55
12/31/2019,1.55,N/A,1.55,1.55,1.55
12/30/2019,1.55,N/A,1.55,1.55,1.55
12/27/2019,1.55,N/A,1.55,1.55,1.55
12/26/2019,1.55,N/A,1.55,1.55,1.55
12/25/2019,1.55,N/A,1.55,1.55,1.55
12/24/2019,1.55,N/A,1.55,1.55,1.55
12/23/2019,1.55,N/A,1.55,1.55,1.55
12/20/2019,1.55,N/A,1.55,1.55,1.55
12/19/2019,1.55,N/A,1.55,1.55,1.55
12/18/2019,1.55,N/A,1.55,1.55,1.55
12/17/2019,1.55,N/A,1.55,1.55,1.55
12/16/2019,1.56,N/A,1.56,1.56,1.56
12/13/2019,1.55,N/A,1.55,1.55,1.55
12/12/2019,1.55,N/A,1.55,1.55,1.55
12/11/2019,1.55,N/A,1.55,1.55,1.55
12/10/2019,1.55,N/A,1.55,1.55,1.55
12/09/2019,1.55,N/A,1.55,1.55,1.55
12/06/2019,1.55,N/A,1.55,1.55,1.55
12/05/2019,1.55,N/A,1.55,1.55,1.55
12/04/2019,1.55,N/A,1.55,1.55,1.55
12/03/2019,1.55,N/A,1.55,1.55,1.55
12/02/2019,1.56,N/A,1.56,1.56,1.56
11/29/2019,1.56,N/A,1.56,1.56,1.56
11/28/2019,1.55,N/A,1.55,1.55,1.55
11/27/2019,1.55,N/A,1.55,1.55,1.55
11/26/2019,1.55,N/A,1.55,1.55,1.55
11/25/2019,1.55,N/A,1.55,1.55,1.55
11/22/2019,1.55,N/A,1.55,1.55,1.55
11/21/2019,1.55,N/A,1.55,1.55,1.55
11/20/2019,1.55,N/A,1.55,1.55,1.55
11/19/2019,1.55,N/A,1.55,1.55,1.55
11/18/2019,1.55,N/A,1.55,1.55,1.55
11/15/2019,1.55,N/A,1.55,1.55,1.55
11/14/2019,1.55,N/A,1.55,1.55,1.55
11/13/2019,1.55,N/A,1.55,1.55,1.55
11/12/2019,1.55,N/A,1.55,1.55,1.55
11/11/2019,1.55,N/A,1.55,1.55,1.55
11/08/2019,1.55,N/A,1.55,1.55,1.55
11/07/2019,1.55,N/A,1.55,1.55,1.55
11/06/2019,1.55,N/A,1.55,1.55,1.55
11/05/2019,1.56,N/A,1.56,1.56,1.56
11/04/2019,1.56,N/A,1.56,1.56,1.56
11/01/2019,1.57,N/A,1.57,1.57,1.57
10/31/2019,1.58,N/A,1.58,1.58,1.58
10/30/2019,1.82,N/A,1.82,1.82,1.82
10/29/2019,1.82,N/A,1.82,1.82,1.82
10/28/2019,1.83,N/A,1.83,1.83,1.83
10/25/2019,1.83,N/A,1.83,1.83,1.83
10/24/2019,1.85,N/A,1.85,1.85,1.85
10/23/2019,1.85,N/A,1.85,1.85,1.85
10/22/2019,1.85,N/A,1.85,1.85,1.85
10/21/2019,1.85,N/A,1.85,1.85,1.85
10/18/2019,1.85,N/A,1.85,1.85,1.85
10/17/2019,1.85,N/A,1.85,1.85,1.85
10/16/2019,1.90,N/A,1.90,1.90,1.90
10/15/2019,1.90,N/A,1.90,1.90,1.90
10/14/2019,1.82,N/A,1.82,1.82,1.82
10/11/2019,1.82,N/A,1.82,1.82,1.82
10/10/2019,1.82,N/A,1.82,1.82,1.82
10/09/2019,1.82,N/A,1.82,1.82,1.82
10/08/2019,1.82,N/A,1.82,1.82,1.82
10/07/2019,1.82,N/A,1.82,1.82,1.82
10/04/2019,1.82,N/A,1.82,1.82,1.82
10/03/2019,1.83,N/A,1.83,1.83,1.83
10/02/2019,1.85,N/A,1.85,1.85,1.85
10/01/2019,1.88,N/A,1.88,1.88,1.88
09/30/2019,1.90,N/A,1.90,1.90,1.90
09/27/2019,1.83,N/A,1.83,1.83,1.83
09/26/2019,1.85,N/A,1.85,1.85,1.85
09/25/2019,1.90,N/A,1.90,1.90,1.90
09/24/2019,1.90,N/A,1.90,1.90,1.90
09/23/2019,1.90,N/A,1.90,1.90,1.90
09/20/2019,1.90,N/A,1.90,1.90,1.90
09/19/2019,1.90,N/A,1.90,1.90,1.90
09/18/2019,2.25,N/A,2.25,2.25,2.25
09/17/2019,2.30,N/A,2.30,2.30,2.30
09/16/2019,2.25,N/A,2.25,2.25,2.25
09/13/2019,2.14,N/A,2.14,2.14,2.14
09/12/2019,2.13,N/A,2.13,2.13,2.13
09/11/2019,2.13,N/A,2.13,2.13,2.13
09/10/2019,2.13,N/A,2.13,2.13,2.13
09/09/2019,2.13,N/A,2.13,2.13,2.13
09/06/2019,2.12,N/A,2.12,2.12,2.12
09/05/2019,2.13,N/A,2.13,2.13,2.13
09/04/2019,2.13,N/A,2.13,2.13,2.13
09/03/2019,2.13,N/A,2.13,2.13,2.13
09/02/2019,2.13,N/A,2.13,2.13,2.13
08/30/2019,2.12,N/A,2.12,2.12,2.12
08/29/2019,2.12,N/A,2.12,2.12,2.12
08/28/2019,2.12,N/A,2.12,2.12,2.12
08/27/2019,2.12,N/A,2.12,2.12,2.12
08/26/2019,2.12,N/A,2.12,2.12,2.12
08/23/2019,2.12,N/A,2.12,2.12,2.12
08/22/2019,2.12,N/A,2.12,2.12,2.12
08/21/2019,2.12,N/A,2.12,2.12,2.12
08/20/2019,2.13,N/A,2.13,2.13,2.13
08/19/2019,2.13,N/A,2.13,2.13,2.13
08/16/2019,2.13,N/A,2.13,2.13,2.13
08/15/2019,2.13,N/A,2.13,2.13,2.13
08/14/2019,2.12,N/A,2.12,2.12,2.12
08/13/2019,2.12,N/A,2.12,2.12,2.12
08/12/2019,2.12,N/A,2.12,2.12,2.12
08/09/2019,2.12,N/A,2.12,2.12,2.12
08/08/2019,2.12,N/A,2.12,2.12,2.12
08/07/2019,2.12,N/A,2.12,2.12,2.12
08/06/2019,2.13,N/A,2.13,2.13,2.13
08/05/2019,2.13,N/A,2.13,2.13,2.13
08/02/2019,2.14,N/A,2.14,2.14,2.14
08/01/2019,2.14,N/A,2.14,2.14,2.14
07/31/2019,2.40,N/A,2.40,2.40,2.40
07/30/2019,2.39,N/A,2.39,2.39,2.39
07/29/2019,2.40,N/A,2.40,2.40,2.40
07/26/2019,2.40,N/A,2.40,2.40,2.40
07/25/2019,2.40,N/A,2.40,2.40,2.40
07/24/2019,2.40,N/A,2.40,2.40,2.40
07/23/2019,2.40,N/A,2.40,2.40,2.40
07/22/2019,2.40,N/A,2.40,2.40,2.40
07/19/2019,2.41,N/A,2.41,2.41,2.41
07/18/2019,2.41,N/A,2.41,2.41,2.41
07/17/2019,2.41,N/A,2.41,2.41,2.41
07/16/2019,2.41,N/A,2.41,2.41,2.41
07/15/2019,2.40,N/A,2.40,2.40,2.40
07/12/2019,2.38,N/A,2.38,2.38,2.38
07/11/2019,2.40,N/A,2.40,2.40,2.40
07/10/2019,2.41,N/A,2.41,2.41,2.41
07/09/2019,2.41,N/A,2.41,2.41,2.41
07/08/2019,2.41,N/A,2.41,2.41,2.41
07/05/2019,2.42,N/A,2.42,2.42,2.42
07/04/2019,2.41,N/A,2.41,2.41,2.41
07/03/2019,2.39,N/A,2.39,2.39,2.39
07/02/2019,2.39,N/A,2.39,2.39,2.39
07/01/2019,2.39,N/A,2.39,2.39,2.39
06/28/2019,2.40,N/A,2.40,2.40,2.40
06/27/2019,2.38,N/A,2.38,2.38,2.38
06/26/2019,2.38,N/A,2.38,2.38,2.38
06/25/2019,2.38,N/A,2.38,2.38,2.38
06/24/2019,2.38,N/A,2.38,2.38,2.38
06/21/2019,2.38,N/A,2.38,2.38,2.38
06/20/2019,2.37,N/A,2.37,2.37,2.37
06/19/2019,2.37,N/A,2.37,2.37,2.37
06/18/2019,2.37,N/A,2.37,2.37,2.37
06/17/2019,2.38,N/A,2.38,2.38,2.38
06/14/2019,2.36,N/A,2.36,2.36,2.36
06/13/2019,2.37,N/A,2.37,2.37,2.37
06/12/2019,2.37,N/A,2.37,2.37,2.37
06/11/2019,2.37,N/A,2.37,2.37,2.37
06/10/2019,2.37,N/A,2.37,2.37,2.37
06/07/2019,2.37,N/A,2.37,2.37,2.37
06/06/2019,2.37,N/A,2.37,2.37,2.37
06/05/2019,2.38,N/A,2.38,2.38,2.38
06/04/2019,2.38,N/A,2.38,2.38,2.38
06/03/2019,2.38,N/A,2.38,2.38,2.38
05/31/2019,2.40,N/A,2.40,2.40,2.40
05/30/2019,2.39,N/A,2.39,2.39,2.39
05/29/2019,2.39,N/A,2.39,2.39,2.39
05/28/2019,2.39,N/A,2.39,2.39,2.39
05/27/2019,2.38,N/A,2.38,2.38,2.38
05/24/2019,2.38,N/A,2.38,2.38,2.38
05/23/2019,2.38,N/A,2.38,2.38,2.38
05/22/2019,2.38,N/A,2.38,2.38,2.38
05/21/2019,2.39,N/A,2.39,2.39,2.39
05/20/2019,2.39,N/A,2.39,2.39,2.39
05/17/2019,2.39,N/A,2.39,2.39,2.39
05/16/2019,2.39,N/A,2.39,2.39,2.39
05/15/2019,2.40,N/A,2.40,2.40,2.40
05/14/2019,2.38,N/A,2.38,2.38,2.38
05/13/2019,2.38,N/A,2.38,2.38,2.38
05/10/2019,2.38,N/A,2.38,2.38,2.38
05/09/2019,2.38,N/A,2.38,2.38,2.38
05/08/2019,2.39,N/A,2.39,2.39,2.39
05/07/2019,2.40,N/A,2.40,2.40,2.40
05/06/2019,2.40,N/A,2.40,2.40,2.40
05/03/2019,2.40,N/A,2.40,2.40,2.40
05/02/2019,2.41,N/A,2.41,2.41,2.41
05/01/2019,2.45,N/A,2.45,2.45,2.45
04/30/2019,2.45,N/A,2.45,2.45,2.45
04/29/2019,2.45,N/A,2.45,2.45,2.45
04/26/2019,2.44,N/A,2.44,2.44,2.44
04/25/2019,2.44,N/A,2.44,2.44,2.44
04/24/2019,2.44,N/A,2.44,2.44,2.44
04/23/2019,2.44,N/A,2.44,2.44,2.44
04/22/2019,2.44,N/A,2.44,2.44,2.44
04/19/2019,2.44,N/A,2.44,2.44,2.44
04/18/2019,2.42,N/A,2.42,2.42,2.42
04/17/2019,2.42,N/A,2.42,2.42,2.42
04/16/2019,2.41,N/A,2.41,2.41,2.41
04/15/2019,2.41,N/A,2.41,2.41,2.41
04/12/2019,2.41,N/A,2.41,2.41,2.41
04/11/2019,2.41,N/A,2.41,2.41,2.41
04/10/2019,2.41,N/A,2.41,2.41,2.41
04/09/2019,2.41,N/A,2.41,2.41,2.41
04/08/2019,2.41,N/A,2.41,2.41,2.41
04/05/2019,2.41,N/A,2.41,2.41,2.41
04/04/2019,2.41,N/A,2.41,2.41,2.41
04/03/2019,2.41,N/A,2.41,2.41,2.41
04/02/2019,2.41,N/A,2.41,2.41,2.41
04/01/2019,2.41,N/A,2.41,2.41,2.41
03/29/2019,2.43,N/A,2.43,2.43,2.43
03/28/2019,2.41,N/A,2.41,2.41,2.41
03/27/2019,2.41,N/A,2.41,2.41,2.41
03/26/2019,2.40,N/A,2.40,2.40,2.40
03/25/2019,2.40,N/A,2.40,2.40,2.40
03/22/2019,2.41,N/A,2.41,2.41,2.41
03/21/2019,2.41,N/A,2.41,2.41,2.41
03/20/2019,2.41,N/A,2.41,2.41,2.41
03/19/2019,2.40,N/A,2.40,2.40,2.40
03/18/2019,2.40,N/A,2.40,2.40,2.40
03/15/2019,2.40,N/A,2.40,2.40,2.40
03/14/2019,2.40,N/A,2.40,2.40,2.40
03/13/2019,2.40,N/A,2.40,2.40,2.40
03/12/2019,2.40,N/A,2.40,2.40,2.40
03/11/2019,2.40,N/A,2.40,2.40,2.40
03/08/2019,2.40,N/A,2.40,2.40,2.40
03/07/2019,2.40,N/A,2.40,2.40,2.40
03/06/2019,2.40,N/A,2.40,2.40,2.40
03/05/2019,2.40,N/A,2.40,2.40,2.40
03/04/2019,2.40,N/A,2.40,2.40,2.40
03/01/2019,2.40,N/A,2.40,2.40,2.40
02/28/2019,2.40,N/A,2.40,2.40,2.40
02/27/2019,2.40,N/A,2.40,2.40,2.40
02/26/2019,2.40,N/A,2.40,2.40,2.40
02/25/2019,2.40,N/A,2.40,2.40,2.40
02/22/2019,2.40,N/A,2.40,2.40,2.40
02/21/2019,2.40,N/A,2.40,2.40,2.40
02/20/2019,2.40,N/A,2.40,2.40,2.40
02/19/2019,2.40,N/A,2.40,2.40,2.40
02/18/2019,2.40,N/A,2.40,2.40,2.40
02/15/2019,2.40,N/A,2.40,2.40,2.40
02/14/2019,2.40,N/A,2.40,2.40,2.40
02/13/2019,2.40,N/A,2.40,2.40,2.40
02/12/2019,2.40,N/A,2.40,2.40,2.40
02/11/2019,2.40,N/A,2.40,2.40,2.40
02/08/2019,2.40,N/A,2.40,2.40,2.40
02/07/2019,2.40,N/A,2.40,2.40,2.40
02/06/2019,2.40,N/A,2.40,2.40,2.40
02/05/2019,2.40,N/A,2.40,2.40,2.40
02/04/2019,2.40,N/A,2.40,2.40,2.40
02/01/2019,2.40,N/A,2.40,2.40,2.40
01/31/2019,2.40,N/A,2.40,2.40,2.40
01/30/2019,2.40,N/A,2.40,2.40,2.40
01/29/2019,2.40,N/A,2.40,2.40,2.40
01/28/2019,2.40,N/A,2.40,2.40,2.40
01/25/2019,2.40,N/A,2.40,2.40,2.40
01/24/2019,2.40,N/A,2.40,2.40,2.40
01/23/2019,2.40,N/A,2.40,2.40,2.40
01/22/2019,2.40,N/A,2.40,2.40,2.40
01/21/2019,2.40,N/A,2.40,2.40,2.40
01/18/2019,2.40,N/A,2.40,2.40,2.40
01/17/2019,2.40,N/A,2.40,2.40,2.40
01/16/2019,2.40,N/A,2.40,2.40,2.40
01/15/2019,2.40,N/A,2.40,2.40,2.40
01/14/2019,2.40,N/A,2.40,2.40,2.40
01/11/2019,2.40,N/A,2.40,2.40,2.40
01/10/2019,2.40,N/A,2.40,2.40,2.40
01/09/2019,2.40,N/A,2.40,2.40,2.40
01/08/2019,2.40,N/A,2.40,2.40,2.40
01/07/2019,2.40,N/A,2.40,2.40,2.40
01/04/2019,2.40,N/A,2.40,2.40,2.40
01/03/2019,2.40,N/A,2.40,2.40,2.40
01/02/2019,2.40,N/A,2.40,2.40,2.40
01/01/2019,2.40,N/A,2.40,2.40,2.40
12/31/2018,2.40,N/A,2.40,2.40,2.40
12/28/2018,2.40,N/A,2.40,2.40,2.40
12/27/2018,2.40,N/A,2.40,2.40,2.40
12/26/2018,2.40,N/A,2.40,2.40,2.40
12/25/2018,2.40,N/A,2.40,2.40,2.40
12/24/2018,2.40,N/A,2.40,2.40,2.40
12/21/2018,2.40,N/A,2.40,2.40,2.40
12/20/2018,2.40,N/A,2.40,2.40,2.40
12/19/2018,2.20,N/A,2.20,2.20,2.20
12/18/2018,2.20,N/A,2.20,2.20,2.20
12/17/2018,2.20,N/A,2.20,2.20,2.20
12/14/2018,2.19,N/A,2.19,2.19,2.19
12/13/2018,2.19,N/A,2.19,2.19,2.19
12/12/2018,2.19,N/A,2.19,2.19,2.19
12/11/2018,2.19,N/A,2.19,2.19,2.19
12/10/2018,2.20,N/A,2.20,2.20,2.20
12/07/2018,2.19,N/A,2.19,2.19,2.19
12/06/2018,2.20,N/A,2.20,2.20,2.20
12/04/2018,2.19,N/A,2.19,2.19,2.19
12/03/2018,2.19,N/A,2.19,2.19,2.19
11/30/2018,2.20,N/A,2.20,2.20,2.20
11/29/2018,2.20,N/A,2.20,2.20,2.20
11/28/2018,2.20,N/A,2.20,2.20,2.20
11/27/2018,2.20,N/A,2.20,2.20,2.20
11/26/2018,2.20,N/A,2.20,2.20,2.20
11/23/2018,2.20,N/A,2.20,2.20,2.20
11/22/2018,2.20,N/A,2.20,2.20,2.20
11/21/2018,2.20,N/A,2.20,2.20,2.20
11/20/2018,2.20,N/A,2.20,2.20,2.20
11/19/2018,2.20,N/A,2.20,2.20,2.20
11/16/2018,2.20,N/A,2.20,2.20,2.20
11/15/2018,2.20,N/A,2.20,2.20,2.20
11/14/2018,2.20,N/A,2.20,2.20,2.20
11/13/2018,2.20,N/A,2.20,2.20,2.20
11/12/2018,2.19,N/A,2.19,2.19,2.19
11/09/2018,2.20,N/A,2.20,2.20,2.20
11/08/2018,2.20,N/A,2.20,2.20,2.20
11/07/2018,2.20,N/A,2.20,2.20,2.20
11/06/2018,2.20,N/A,2.20,2.20,2.20
11/05/2018,2.20,N/A,2.20,2.20,2.20
11/02/2018,2.19,N/A,2.19,2.19,2.19
11/01/2018,2.20,N/A,2.20,2.20,2.20
10/31/2018,2.20,N/A,2.20,2.20,2.20
10/30/2018,2.20,N/A,2.20,2.20,2.20
10/29/2018,2.20,N/A,2.20,2.20,2.20
10/26/2018,2.20,N/A,2.20,2.20,2.20
10/25/2018,2.20,N/A,2.20,2.20,2.20
10/24/2018,2.20,N/A,2.20,2.20,2.20
10/23/2018,2.20,N/A,2.20,2.20,2.20
10/22/2018,2.19,N/A,2.19,2.19,2.19
10/19/2018,2.19,N/A,2.19,2.19,2.19
10/18/2018,2.19,N/A,2.19,2.19,2.19
10/17/2018,2.19,N/A,2.19,2.19,2.19
10/16/2018,2.18,N/A,2.18,2.18,2.18
10/15/2018,2.18,N/A,2.18,2.18,2.18
10/12/2018,2.18,N/A,2.18,2.18,2.18
10/11/2018,2.18,N/A,2.18,2.18,2.18
10/10/2018,2.18,N/A,2.18,2.18,2.18
10/09/2018,2.18,N/A,2.18,2.18,2.18
10/08/2018,2.18,N/A,2.18,2.18,2.18
10/05/2018,2.18,N/A,2.18,2.18,2.18
10/04/2018,2.18,N/A,2.18,2.18,2.18
10/03/2018,2.18,N/A,2.18,2.18,2.18
10/02/2018,2.18,N/A,2.18,2.18,2.18
10/01/2018,2.18,N/A,2.18,2.18,2.18
09/28/2018,2.18,N/A,2.18,2.18,2.18
09/27/2018,2.18,N/A,2.18,2.18,2.18
09/26/2018,1.93,N/A,1.93,1.93,1.93
09/25/2018,1.93,N/A,1.93,1.93,1.93
09/24/2018,1.93,N/A,1.93,1.93,1.93
09/21/2018,1.92,N/A,1.92,1.92,1.92
09/20/2018,1.92,N/A,1.92,1.92,1.92
09/19/2018,1.92,N/A,1.92,1.92,1.92
09/18/2018,1.92,N/A,1.92,1.92,1.92
09/17/2018,1.92,N/A,1.92,1.92,1.92
09/14/2018,1.92,N/A,1.92,1.92,1.92
09/13/2018,1.92,N/A,1.92,1.92,1.92
09/12/2018,1.92,N/A,1.92,1.92,1.92
09/11/2018,1.92,N/A,1.92,1.92,1.92
09/10/2018,1.92,N/A,1.92,1.92,1.92
09/07/2018,1.92,N/A,1.92,1.92,1.92
09/06/2018,1.92,N/A,1.92,1.92,1.92
09/05/2018,1.92,N/A,1.92,1.92,1.92
09/04/2018,1.92,N/A,1.92,1.92,1.92
09/03/2018,1.91,N/A,1.91,1.91,1.91
08/31/2018,1.92,N/A,1.92,1.92,1.92
08/30/2018,1.92,N/A,1.92,1.92,1.92
08/29/2018,1.92,N/A,1.92,1.92,1.92
08/28/2018,1.92,N/A,1.92,1.92,1.92
08/27/2018,1.92,N/A,1.92,1.92,1.92
08/24/2018,1.92,N/A,1.92,1.92,1.92
08/23/2018,1.92,N/A,1.92,1.92,1.92
08/22/2018,1.92,N/A,1.92,1.92,1.92
08/21/2018,1.92,N/A,1.92,1.92,1.92
08/20/2018,1.92,N/A,1.92,1.92,1.92
08/17/2018,1.92,N/A,1.92,1.92,1.92
08/16/2018,1.92,N/A,1.92,1.92,1.92
08/15/2018,1.91,N/A,1.91,1.91,1.91
08/14/2018,1.91,N/A,1.91,1.91,1.91
08/13/2018,1.91,N/A,1.91,1.91,1.91
08/10/2018,1.91,N/A,1.91,1.91,1.91
08/09/2018,1.91,N/A,1.91,1.91,1.91
08/08/2018,1.91,N/A,1.91,1.91,1.91
08/07/2018,1.91,N/A,1.91,1.91,1.91
08/06/2018,1.91,N/A,1.91,1.91,1.91
08/03/2018,1.91,N/A,1.91,1.91,1.91
08/02/2018,1.91,N/A,1.91,1.91,1.91
08/01/2018,1.91,N/A,1.91,1.91,1.91
07/31/2018,1.91,N/A,1.91,1.91,1.91
07/30/2018,1.91,N/A,1.91,1.91,1.91
07/27/2018,1.91,N/A,1.91,1.91,1.91
07/26/2018,1.91,N/A,1.91,1.91,1.91
07/25/2018,1.91,N/A,1.91,1.91,1.91
07/24/2018,1.91,N/A,1.91,1.91,1.91
07/23/2018,1.91,N/A,1.91,1.91,1.91
07/20/2018,1.91,N/A,1.91,1.91,1.91
07/19/2018,1.91,N/A,1.91,1.91,1.91
07/18/2018,1.91,N/A,1.91,1.91,1.91
07/17/2018,1.91,N/A,1.91,1.91,1.91
07/16/2018,1.91,N/A,1.91,1.91,1.91
07/13/2018,1.91,N/A,1.91,1.91,1.91
07/12/2018,1.91,N/A,1.91,1.91,1.91
07/11/2018,1.91,N/A,1.91,1.91,1.91
07/10/2018,1.91,N/A,1.91,1.91,1.91
07/09/2018,1.91,N/A,1.91,1.91,1.91
07/06/2018,1.91,N/A,1.91,1.91,1.91
07/05/2018,1.91,N/A,1.91,1.91,1.91
07/04/2018,1.91,N/A,1.91,1.91,1.91
07/03/2018,1.91,N/A,1.91,1.91,1.91
07/02/2018,1.91,N/A,1.91,1.91,1.91
06/29/2018,1.91,N/A,1.91,1.91,1.91
06/28/2018,1.91,N/A,1.91,1.91,1.91
06/27/2018,1.91,N/A,1.91,1.91,1.91
06/26/2018,1.92,N/A,1.92,1.92,1.92
06/25/2018,1.92,N/A,1.92,1.92,1.92
06/22/2018,1.92,N/A,1.92,1.92,1.92
06/21/2018,1.92,N/A,1.92,1.92,1.92
06/20/2018,1.92,N/A,1.92,1.92,1.92
06/19/2018,1.91,N/A,1.91,1.91,1.91
06/18/2018,1.90,N/A,1.90,1.90,1.90
06/15/2018,1.90,N/A,1.90,1.90,1.90
06/14/2018,1.90,N/A,1.90,1.90,1.90
06/13/2018,1.70,N/A,1.70,1.70,1.70
06/12/2018,1.70,N/A,1.70,1.70,1.70
06/11/2018,1.70,N/A,1.70,1.70,1.70
06/08/2018,1.70,N/A,1.70,1.70,1.70
06/07/2018,1.70,N/A,1.70,1.70,1.70
06/06/2018,1.70,N/A,1.70,1.70,1.70
06/05/2018,1.70,N/A,1.70,1.70,1.70
06/04/2018,1.70,N/A,1.70,1.70,1.70
06/01/2018,1.70,N/A,1.70,1.70,1.70
05/31/2018,1.70,N/A,1.70,1.70,1.70
05/30/2018,1.70,N/A,1.70,1.70,1.70
05/29/2018,1.70,N/A,1.70,1.70,1.70
05/28/2018,1.70,N/A,1.70,1.70,1.70
05/25/2018,1.70,N/A,1.70,1.70,1.70
05/24/2018,1.70,N/A,1.70,1.70,1.70
05/23/2018,1.70,N/A,1.70,1.70,1.70
05/22/2018,1.70,N/A,1.70,1.70,1.70
05/21/2018,1.70,N/A,1.70,1.70,1.70
05/18/2018,1.70,N/A,1.70,1.70,1.70
05/17/2018,1.70,N/A,1.70,1.70,1.70
05/16/2018,1.70,N/A,1.70,1.70,1.70
05/15/2018,1.70,N/A,1.70,1.70,1.70
05/14/2018,1.70,N/A,1.70,1.70,1.70
05/11/2018,1.70,N/A,1.70,1.70,1.70
05/10/2018,1.70,N/A,1.70,1.70,1.70
05/09/2018,1.70,N/A,1.70,1.70,1.70
05/08/2018,1.70,N/A,1.70,1.70,1.70
05/07/2018,1.70,N/A,1.70,1.70,1.70
05/04/2018,1.70,N/A,1.70,1.70,1.70
05/03/2018,1.70,N/A,1.70,1.70,1.70
05/02/2018,1.70,N/A,1.70,1.70,1.70
05/01/2018,1.70,N/A,1.70,1.70,1.70
04/30/2018,1.69,N/A,1.69,1.69,1.69
04/27/2018,1.70,N/A,1.70,1.70,1.70
04/26/2018,1.70,N/A,1.70,1.70,1.70
04/25/2018,1.70,N/A,1.70,1.70,1.70
04/24/2018,1.70,N/A,1.70,1.70,1.70
04/23/2018,1.70,N/A,1.70,1.70,1.70
04/20/2018,1.70,N/A,1.70,1.70,1.70
04/19/2018,1.69,N/A,1.69,1.69,1.69
04/18/2018,1.69,N/A,1.69,1.69,1.69
04/17/2018,1.69,N/A,1.69,1.69,1.69
04/16/2018,1.69,N/A,1.69,1.69,1.69
04/13/2018,1.69,N/A,1.69,1.69,1.69
04/12/2018,1.69,N/A,1.69,1.69,1.69
04/11/2018,1.69,N/A,1.69,1.69,1.69
04/10/2018,1.69,N/A,1.69,1.69,1.69
04/09/2018,1.69,N/A,1.69,1.69,1.69
04/06/2018,1.69,N/A,1.69,1.69,1.69
04/05/2018,1.69,N/A,1.69,1.69,1.69
04/04/2018,1.69,N/A,1.69,1.69,1.69
04/03/2018,1.69,N/A,1.69,1.69,1.69
04/02/2018,1.68,N/A,1.68,1.68,1.68
03/30/2018,1.67,N/A,1.67,1.67,1.67
03/29/2018,1.68,N/A,1.68,1.68,1.68
03/28/2018,1.68,N/A,1.68,1.68,1.68
03/27/2018,1.68,N/A,1.68,1.68,1.68
03/26/2018,1.68,N/A,1.68,1.68,1.68
03/23/2018,1.68,N/A,1.68,1.68,1.68
03/22/2018,1.68,N/A,1.68,1.68,1.68
03/21/2018,1.44,N/A,1.44,1.44,1.44
03/20/2018,1.44,N/A,1.44,1.44,1.44
03/19/2018,1.43,N/A,1.43,1.43,1.43
03/16/2018,1.43,N/A,1.43,1.43,1.43
03/15/2018,1.43,N/A,1.43,1.43,1.43
03/14/2018,1.42,N/A,1.42,1.42,1.42
03/13/2018,1.42,N/A,1.42,1.42,1.42
03/12/2018,1.42,N/A,1.42,1.42,1.42
03/09/2018,1.42,N/A,1.42,1.42,1.42
03/08/2018,1.42,N/A,1.42,1.42,1.42
03/07/2018,1.42,N/A,1.42,1.42,1.42
03/06/2018,1.42,N/A,1.42,1.42,1.42
03/05/2018,1.42,N/A,1.42,1.42,1.42
03/02/2018,1.42,N/A,1.42,1.42,1.42
03/01/2018,1.42,N/A,1.42,1.42,1.42
02/28/2018,1.35,N/A,1.35,1.35,1.35
02/27/2018,1.42,N/A,1.42,1.42,1.42
02/26/2018,1.42,N/A,1.42,1.42,1.42
02/23/2018,1.42,N/A,1.42,1.42,1.42
02/22/2018,1.42,N/A,1.42,1.42,1.42
02/21/2018,1.42,N/A,1.42,1.42,1.42
02/20/2018,1.42,N/A,1.42,1.42,1.42
02/19/2018,1.42,N/A,1.42,1.42,1.42
02/16/2018,1.42,N/A,1.42,1.42,1.42
02/15/2018,1.42,N/A,1.42,1.42,1.42
02/14/2018,1.42,N/A,1.42,1.42,1.42
02/13/2018,1.42,N/A,1.42,1.42,1.42
02/12/2018,1.42,N/A,1.42,1.42,1.42
02/09/2018,1.42,N/A,1.42,1.42,1.42
02/08/2018,1.42,N/A,1.42,1.42,1.42
02/07/2018,1.42,N/A,1.42,1.42,1.42
02/06/2018,1.42,N/A,1.42,1.42,1.42
02/05/2018,1.42,N/A,1.42,1.42,1.42
02/02/2018,1.42,N/A,1.42,1.42,1.42
02/01/2018,1.42,N/A,1.42,1.42,1.42
01/31/2018,1.34,N/A,1.34,1.34,1.34
01/30/2018,1.42,N/A,1.42,1.42,1.42
01/29/2018,1.42,N/A,1.42,1.42,1.42
01/26/2018,1.42,N/A,1.42,1.42,1.42
01/25/2018,1.42,N/A,1.42,1.42,1.42
01/24/2018,1.42,N/A,1.42,1.42,1.42
01/23/2018,1.42,N/A,1.42,1.42,1.42
01/22/2018,1.42,N/A,1.42,1.42,1.42
01/19/2018,1.42,N/A,1.42,1.42,1.42
01/18/2018,1.42,N/A,1.42,1.42,1.42
01/17/2018,1.42,N/A,1.42,1.42,1.42
01/16/2018,1.42,N/A,1.42,1.42,1.42
01/15/2018,1.42,N/A,1.42,1.42,1.42
01/12/2018,1.42,N/A,1.42,1.42,1.42
01/11/2018,1.42,N/A,1.42,1.42,1.42
01/10/2018,1.42,N/A,1.42,1.42,1.42
01/09/2018,1.42,N/A,1.42,1.42,1.42
01/08/2018,1.42,N/A,1.42,1.42,1.42
01/05/2018,1.42,N/A,1.42,1.42,1.42
01/04/2018,1.42,N/A,1.42,1.42,1.42
01/03/2018,1.42,N/A,1.42,1.42,1.42
01/02/2018,1.42,N/A,1.42,1.42,1.42
01/01/2018,1.33,N/A,1.33,1.33,1.33
12/29/2017,1.42,N/A,1.42,1.42,1.42
12/28/2017,1.42,N/A,1.42,1.42,1.42
12/27/2017,1.42,N/A,1.42,1.42,1.42
12/26/2017,1.42,N/A,1.42,1.42,1.42
12/25/2017,1.42,N/A,1.42,1.42,1.42
12/22/2017,1.42,N/A,1.42,1.42,1.42
12/21/2017,1.42,N/A,1.42,1.42,1.42
12/20/2017,1.42,N/A,1.42,1.42,1.42
12/19/2017,1.42,N/A,1.42,1.42,1.42
12/18/2017,1.42,N/A,1.42,1.42,1.42
12/15/2017,1.41,N/A,1.41,1.41,1.41
12/14/2017,1.41,N/A,1.41,1.41,1.41
12/13/2017,1.17,N/A,1.17,1.17,1.17
12/12/2017,1.17,N/A,1.17,1.17,1.17
12/11/2017,1.16,N/A,1.16,1.16,1.16
12/08/2017,1.16,N/A,1.16,1.16,1.16
12/07/2017,1.16,N/A,1.16,1.16,1.16
12/06/2017,1.16,N/A,1.16,1.16,1.16
12/05/2017,1.16,N/A,1.16,1.16,1.16
12/04/2017,1.16,N/A,1.16,1.16,1.16
12/01/2017,1.16,N/A,1.16,1.16,1.16
11/30/2017,1.07,N/A,1.07,1.07,1.07
11/29/2017,1.16,N/A,1.16,1.16,1.16
11/28/2017,1.16,N/A,1.16,1.16,1.16
11/27/2017,1.16,N/A,1.16,1.16,1.16
11/24/2017,1.16,N/A,1.16,1.16,1.16
11/23/2017,1.16,N/A,1.16,1.16,1.16
11/22/2017,1.16,N/A,1.16,1.16,1.16
11/21/2017,1.16,N/A,1.16,1.16,1.16
11/20/2017,1.16,N/A,1.16,1.16,1.16
11/17/2017,1.16,N/A,1.16,1.16,1.16
11/16/2017,1.16,N/A,1.16,1.16,1.16
11/15/2017,1.16,N/A,1.16,1.16,1.16
11/14/2017,1.16,N/A,1.16,1.16,1.16
11/13/2017,1.16,N/A,1.16,1.16,1.16
11/10/2017,1.16,N/A,1.16,1.16,1.16
11/09/2017,1.16,N/A,1.16,1.16,1.16
11/08/2017,1.16,N/A,1.16,1.16,1.16
11/07/2017,1.16,N/A,1.16,1.16,1.16
11/06/2017,1.16,N/A,1.16,1.16,1.16
11/03/2017,1.16,N/A,1.16,1.16,1.16
11/02/2017,1.16,N/A,1.16,1.16,1.16
11/01/2017,1.16,N/A,1.16,1.16,1.16
10/31/2017,1.16,N/A,1.16,1.16,1.16
10/30/2017,1.16,N/A,1.16,1.16,1.16
10/27/2017,1.16,N/A,1.16,1.16,1.16
10/26/2017,1.16,N/A,1.16,1.16,1.16
10/25/2017,1.16,N/A,1.16,1.16,1.16
10/24/2017,1.16,N/A,1.16,1.16,1.16
10/23/2017,1.16,N/A,1.16,1.16,1.16
10/20/2017,1.16,N/A,1.16,1.16,1.16
10/19/2017,1.16,N/A,1.16,1.16,1.16
10/18/2017,1.16,N/A,1.16,1.16,1.16
10/17/2017,1.16,N/A,1.16,1.16,1.16
10/16/2017,1.16,N/A,1.16,1.16,1.16
10/13/2017,1.16,N/A,1.16,1.16,1.16
10/12/2017,1.16,N/A,1.16,1.16,1.16
10/11/2017,1.16,N/A,1.16,1.16,1.16
10/10/2017,1.16,N/A,1.16,1.16,1.16
10/09/2017,1.16,N/A,1.16,1.16,1.16
10/06/2017,1.16,N/A,1.16,1.16,1.16
10/05/2017,1.16,N/A,1.16,1.16,1.16
10/04/2017,1.16,N/A,1.16,1.16,1.16
10/03/2017,1.16,N/A,1.16,1.16,1.16
10/02/2017,1.16,N/A,1.16,1.16,1.16
09/29/2017,1.06,N/A,1.06,1.06,1.06
09/28/2017,1.16,N/A,1.16,1.16,1.16
09/27/2017,1.16,N/A,1.16,1.16,1.16
09/26/2017,1.16,N/A,1.16,1.16,1.16
09/25/2017,1.16,N/A,1.16,1.16,1.16
09/22/2017,1.16,N/A,1.16,1.16,1.16
09/21/2017,1.16,N/A,1.16,1.16,1.16
09/20/2017,1.16,N/A,1.16,1.16,1.16
09/19/2017,1.16,N/A,1.16,1.16,1.16
09/18/2017,1.16,N/A,1.16,1.16,1.16
09/15/2017,1.16,N/A,1.16,1.16,1.16
09/14/2017,1.16,N/A,1.16,1.16,1.16
09/13/2017,1.16,N/A,1.16,1.16,1.16
09/12/2017,1.16,N/A,1.16,1.16,1.16
09/11/2017,1.16,N/A,1.16,1.16,1.16
09/08/2017,1.16,N/A,1.16,1.16,1.16
09/07/2017,1.16,N/A,1.16,1.16,1.16
09/06/2017,1.16,N/A,1.16,1.16,1.16
09/05/2017,1.16,N/A,1.16,1.16,1.16
09/04/2017,1.16,N/A,1.16,1.16,1.16
09/01/2017,1.07,N/A,1.07,1.07,1.07
08/31/2017,1.07,N/A,1.07,1.07,1.07
08/30/2017,1.16,N/A,1.16,1.16,1.16
08/29/2017,1.16,N/A,1.16,1.16,1.16
08/28/2017,1.16,N/A,1.16,1.16,1.16
08/25/2017,1.16,N/A,1.16,1.16,1.16
08/24/2017,1.16,N/A,1.16,1.16,1.16
08/23/2017,1.16,N/A,1.16,1.16,1.16
08/22/2017,1.16,N/A,1.16,1.16,1.16
08/21/2017,1.16,N/A,1.16,1.16,1.16
08/18/2017,1.16,N/A,1.16,1.16,1.16
08/17/2017,1.16,N/A,1.16,1.16,1.16
08/16/2017,1.16,N/A,1.16,1.16,1.16
08/15/2017,1.16,N/A,1.16,1.16,1.16
08/14/2017,1.16,N/A,1.16,1.16,1.16
08/11/2017,1.16,N/A,1.16,1.16,1.16
08/10/2017,1.16,N/A,1.16,1.16,1.16
08/09/2017,1.16,N/A,1.16,1.16,1.16
08/08/2017,1.16,N/A,1.16,1.16,1.16
08/07/2017,1.16,N/A,1.16,1.16,1.16
08/04/2017,1.16,N/A,1.16,1.16,1.16
08/03/2017,1.16,N/A,1.16,1.16,1.16
08/02/2017,1.16,N/A,1.16,1.16,1.16
08/01/2017,1.16,N/A,1.16,1.16,1.16
07/31/2017,1.07,N/A,1.07,1.07,1.07
07/28/2017,1.16,N/A,1.16,1.16,1.16
07/27/2017,1.16,N/A,1.16,1.16,1.16
07/26/2017,1.16,N/A,1.16,1.16,1.16
07/25/2017,1.16,N/A,1.16,1.16,1.16
07/24/2017,1.16,N/A,1.16,1.16,1.16
07/21/2017,1.16,N/A,1.16,1.16,1.16
07/20/2017,1.16,N/A,1.16,1.16,1.16
07/19/2017,1.16,N/A,1.16,1.16,1.16
07/18/2017,1.16,N/A,1.16,1.16,1.16
07/17/2017,1.16,N/A,1.16,1.16,1.16
07/14/2017,1.16,N/A,1.16,1.16,1.16
07/13/2017,1.16,N/A,1.16,1.16,1.16
07/12/2017,1.16,N/A,1.16,1.16,1.16
07/11/2017,1.16,N/A,1.16,1.16,1.16
07/10/2017,1.16,N/A,1.16,1.16,1.16
07/07/2017,1.16,N/A,1.16,1.16,1.16
07/06/2017,1.16,N/A,1.16,1.16,1.16
07/05/2017,1.16,N/A,1.16,1.16,1.16
07/04/2017,1.16,N/A,1.16,1.16,1.16
07/03/2017,1.16,N/A,1.16,1.16,1.16
06/30/2017,1.16,N/A,1.16,1.16,1.16
06/29/2017,1.16,N/A,1.16,1.16,1.16
06/28/2017,1.16,N/A,1.16,1.16,1.16
06/27/2017,1.16,N/A,1.16,1.16,1.16
06/26/2017,1.16,N/A,1.16,1.16,1.16
06/23/2017,1.16,N/A,1.16,1.16,1.16
06/22/2017,1.16,N/A,1.16,1.16,1.16
06/21/2017,1.16,N/A,1.16,1.16,1.16
06/20/2017,1.16,N/A,1.16,1.16,1.16
06/19/2017,1.16,N/A,1.16,1.16,1.16
06/16/2017,1.16,N/A,1.16,1.16,1.16
06/15/2017,1.16,N/A,1.16,1.16,1.16
06/14/2017,0.91,N/A,0.91,0.91,0.91
06/13/2017,0.91,N/A,0.91,0.91,0.91
06/12/2017,0.91,N/A,0.91,0.91,0.91
06/09/2017,0.91,N/A,0.91,0.91,0.91
06/08/2017,0.91,N/A,0.91,0.91,0.91
06/07/2017,0.91,N/A,0.91,0.91,0.91
06/06/2017,0.91,N/A,0.91,0.91,0.91
06/05/2017,0.91,N/A,0.91,0.91,0.91
06/02/2017,0.91,N/A,0.91,0.91,0.91
06/01/2017,0.91,N/A,0.91,0.91,0.91
05/31/2017,0.82,N/A,0.82,0.82,0.82
05/30/2017,0.91,N/A,0.91,0.91,0.91
05/29/2017,0.91,N/A,0.91,0.91,0.91
05/26/2017,0.91,N/A,0.91,0.91,0.91
05/25/2017,0.91,N/A,0.91,0.91,0.91
05/24/2017,0.91,N/A,0.91,0.91,0.91
05/23/2017,0.91,N/A,0.91,0.91,0.91
05/22/2017,0.91,N/A,0.91,0.91,0.91
05/19/2017,0.91,N/A,0.91,0.91,0.91
05/18/2017,0.91,N/A,0.91,0.91,0.91
05/17/2017,0.91,N/A,0.91,0.91,0.91
05/16/2017,0.91,N/A,0.91,0.91,0.91
05/15/2017,0.91,N/A,0.91,0.91,0.91
05/12/2017,0.91,N/A,0.91,0.91,0.91
05/11/2017,0.91,N/A,0.91,0.91,0.91
05/10/2017,0.91,N/A,0.91,0.91,0.91
05/09/2017,0.91,N/A,0.91,0.91,0.91
05/08/2017,0.91,N/A,0.91,0.91,0.91
05/05/2017,0.91,N/A,0.91,0.91,0.91
05/04/2017,0.91,N/A,0.91,0.91,0.91
05/03/2017,0.91,N/A,0.91,0.91,0.91
05/02/2017,0.91,N/A,0.91,0.91,0.91
05/01/2017,0.91,N/A,0.91,0.91,0.91
04/28/2017,0.83,N/A,0.83,0.83,0.83
04/27/2017,0.91,N/A,0.91,0.91,0.91
04/26/2017,0.91,N/A,0.91,0.91,0.91
04/25/2017,0.91,N/A,0.91,0.91,0.91
04/24/2017,0.91,N/A,0.91,0.91,0.91
04/21/2017,0.91,N/A,0.91,0.91,0.91
04/20/2017,0.91,N/A,0.91,0.91,0.91
04/19/2017,0.91,N/A,0.91,0.91,0.91
04/18/2017,0.91,N/A,0.91,0.91,0.91
04/17/2017,0.91,N/A,0.91,0.91,0.91
04/14/2017,0.91,N/A,0.91,0.91,0.91
04/13/2017,0.91,N/A,0.91,0.91,0.91
04/12/2017,0.91,N/A,0.91,0.91,0.91
04/11/2017,0.91,N/A,0.91,0.91,0.91
04/10/2017,0.91,N/A,0.91,0.91,0.91
04/07/2017,0.91,N/A,0.91,0.91,0.91
04/06/2017,0.91,N/A,0.91,0.91,0.91
04/05/2017,0.91,N/A,0.91,0.91,0.91
04/04/2017,0.91,N/A,0.91,0.91,0.91
04/03/2017,0.91,N/A,0.91,0.91,0.91
03/31/2017,0.82,N/A,0.82,0.82,0.82
03/30/2017,0.91,N/A,0.91,0.91,0.91
03/29/2017,0.91,N/A,0.91,0.91,0.91
03/28/2017,0.91,N/A,0.91,0.91,0.91
03/27/2017,0.91,N/A,0.91,0.91,0.91
03/24/2017,0.91,N/A,0.91,0.91,0.91
03/23/2017,0.91,N/A,0.91,0.91,0.91
03/22/2017,0.91,N/A,0.91,0.91,0.91
03/21/2017,0.91,N/A,0.91,0.91,0.91
03/20/2017,0.91,N/A,0.91,0.91,0.91
03/17/2017,0.91,N/A,0.91,0.91,0.91
03/16/2017,0.91,N/A,0.91,0.91,0.91
03/15/2017,0.66,N/A,0.66,0.66,0.66
03/14/2017,0.66,N/A,0.66,0.66,0.66
03/13/2017,0.66,N/A,0.66,0.66,0.66
03/10/2017,0.66,N/A,0.66,0.66,0.66
03/09/2017,0.66,N/A,0.66,0.66,0.66
03/08/2017,0.66,N/A,0.66,0.66,0.66
03/07/2017,0.66,N/A,0.66,0.66,0.66
03/06/2017,0.66,N/A,0.66,0.66,0.66
03/03/2017,0.66,N/A,0.66,0.66,0.66
03/02/2017,0.66,N/A,0.66,0.66,0.66
03/01/2017,0.66,N/A,0.66,0.66,0.66
02/28/2017,0.57,N/A,0.57,0.57,0.57
02/27/2017,0.66,N/A,0.66,0.66,0.66
02/24/2017,0.66,N/A,0.66,0.66,0.66
02/23/2017,0.66,N/A,0.66,0.66,0.66
02/22/2017,0.66,N/A,0.66,0.66,0.66
02/21/2017,0.66,N/A,0.66,0.66,0.66
02/20/2017,0.66,N/A,0.66,0.66,0.66
02/17/2017,0.66,N/A,0.66,0.66,0.66
02/16/2017,0.66,N/A,0.66,0.66,0.66
02/15/2017,0.66,N/A,0.66,0.66,0.66
02/14/2017,0.66,N/A,0.66,0.66,0.66
02/13/2017,0.66,N/A,0.66,0.66,0.66
02/10/2017,0.66,N/A,0.66,0.66,0.66
02/09/2017,0.66,N/A,0.66,0.66,0.66
02/08/2017,0.66,N/A,0.66,0.66,0.66
02/07/2017,0.40,N/A,0.40,0.40,0.40
02/06/2017,0.40,N/A,0.40,0.40,0.40
02/03/2017,0.40,N/A,0.40,0.40,0.40
02/02/2017,0.40,N/A,0.40,0.40,0.40
02/01/2017,0.40,N/A,0.40,0.40,0.40
01/31/2017,0.40,N/A,0.40,0.40,0.40
01/30/2017,0.40,N/A,0.40,0.40,0.40
01/27/2017,0.40,N/A,0.40,0.40,0.40
01/26/2017,0.40,N/A,0.40,0.40,0.40
01/25/2017,0.40,N/A,0.40,0.40,0.40
01/24/2017,0.40,N/A,0.40,0.40,0.40
01/23/2017,0.40,N/A,0.40,0.40,0.40
01/20/2017,0.40,N/A,0.40,0.40,0.40
01/19/2017,0.40,N/A,0.40,0.40,0.40
01/18/2017,0.40,N/A,0.40,0.40,0.40
01/17/2017,0.40,N/A,0.40,0.40,0.40
01/16/2017,0.40,N/A,0.40,0.40,0.40
01/13/2017,0.40,N/A,0.40,0.40,0.40
01/12/2017,0.40,N/A,0.40,0.40,0.40
01/11/2017,0.40,N/A,0.40,0.40,0.40
01/10/2017,0.40,N/A,0.40,0.40,0.40
01/09/2017,0.40,N/A,0.40,0.40,0.40
01/06/2017,0.40,N/A,0.40,0.40,0.40
01/05/2017,0.40,N/A,0.40,0.40,0.40
01/04/2017,0.40,N/A,0.40,0.40,0.40
01/03/2017,0.40,N/A,0.40,0.40,0.40
01/02/2017,0.40,N/A,0.40,0.40,0.40
12/30/2016,0.40,N/A,0.40,0.40,0.40
12/29/2016,0.40,N/A,0.40,0.40,0.40
12/28/2016,0.40,N/A,0.40,0.40,0.40
12/27/2016,0.40,N/A,0.40,0.40,0.40
12/26/2016,0.40,N/A,0.40,0.40,0.40
12/23/2016,0.40,N/A,0.40,0.40,0.40
12/22/2016,0.40,N/A,0.40,0.40,0.40
12/21/2016,0.40,N/A,0.40,0.40,0.40
12/20/2016,0.40,N/A,0.40,0.40,0.40
12/19/2016,0.40,N/A,0.40,0.40,0.40
12/16/2016,0.40,N/A,0.40,0.40,0.40
12/15/2016,0.40,N/A,0.40,0.40,0.40
12/14/2016,0.40,N/A,0.40,0.40,0.40
12/13/2016,0.40,N/A,0.40,0.40,0.40
12/12/2016,0.40,N/A,0.40,0.40,0.40
12/09/2016,0.40,N/A,0.40,0.40,0.40
12/08/2016,0.40,N/A,0.40,0.40,0.40
12/07/2016,0.40,N/A,0.40,0.40,0.40
12/06/2016,0.40,N/A,0.40,0.40,0.40
12/05/2016,0.40,N/A,0.40,0.40,0.40
12/02/2016,0.40,N/A,0.40,0.40,0.40
12/01/2016,0.40,N/A,0.40,0.40,0.40
11/30/2016,0.40,N/A,0.40,0.40,0.40
11/29/2016,0.40,N/A,0.40,0.40,0.40
11/28/2016,0.40,N/A,0.40,0.40,0.40
11/25/2016,0.40,N/A,0.40,0.40,0.40
11/24/2016,0.40,N/A,0.40,0.40,0.40
11/23/2016,0.40,N/A,0.40,0.40,0.40
11/22/2016,0.40,N/A,0.40,0.40,0.40
11/21/2016,0.40,N/A,0.40,0.40,0.40
11/18/2016,0.40,N/A,0.40,0.40,0.40
11/17/2016,0.40,N/A,0.40,0.40,0.40
11/16/2016,0.40,N/A,0.40,0.40,0.40
11/15/2016,0.40,N/A,0.40,0.40,0.40
11/14/2016,0.40,N/A,0.40,0.40,0.40
11/11/2016,0.40,N/A,0.40,0.40,0.40
11/10/2016,0.40,N/A,0.40,0.40,0.40
11/09/2016,0.40,N/A,0.40,0.40,0.40
11/08/2016,0.40,N/A,0.40,0.40,0.40
11/07/2016,0.40,N/A,0.40,0.40,0.40
11/04/2016,0.40,N/A,0.40,0.40,0.40
11/03/2016,0.40,N/A,0.40,0.40,0.40
11/02/2016,0.40,N/A,0.40,0.40,0.40
11/01/2016,0.40,N/A,0.40,0.40,0.40
10/31/2016,0.40,N/A,0.40,0.40,0.40
10/28/2016,0.40,N/A,0.40,0.40,0.40
10/27/2016,0.40,N/A,0.40,0.40,0.40
10/26/2016,0.40,N/A,0.40,0.40,0.40
10/25/2016,0.40,N/A,0.40,0.40,0.40
10/24/2016,0.40,N/A,0.40,0.40,0.40
10/21/2016,0.40,N/A,0.40,0.40,0.40
10/20/2016,0.40,N/A,0.40,0.40,0.40
10/19/2016,0.40,N/A,0.40,0.40,0.40
10/18/2016,0.40,N/A,0.40,0.40,0.40
10/17/2016,0.40,N/A,0.40,0.40,0.40
10/14/2016,0.40,N/A,0.40,0.40,0.40
10/13/2016,0.40,N/A,0.40,0.40,0.40
10/12/2016,0.40,N/A,0.40,0.40,0.40
10/11/2016,0.40,N/A,0.40,0.40,0.40
10/10/2016,0.40,N/A,0.40,0.40,0.40
10/07/2016,0.40,N/A,0.40,0.40,0.40
10/06/2016,0.40,N/A,0.40,0.40,0.40
10/05/2016,0.40,N/A,0.40,0.40,0.40
10/04/2016,0.40,N/A,0.40,0.40,0.40
10/03/2016,0.40,N/A,0.40,0.40,0.40
09/30/2016,0.29,N/A,0.29,0.29,0.29
09/29/2016,0.40,N/A,0.40,0.40,0.40
09/28/2016,0.40,N/A,0.40,0.40,0.40
09/27/2016,0.40,N/A,0.40,0.40,0.40
09/26/2016,0.40,N/A,0.40,0.40,0.40
09/23/2016,0.40,N/A,0.40,0.40,0.40
09/22/2016,0.40,N/A,0.40,0.40,0.40
09/21/2016,0.40,N/A,0.40,0.40,0.40
09/20/2016,0.40,N/A,0.40,0.40,0.40
09/19/2016,0.40,N/A,0.40,0.40,0.40
09/16/2016,0.40,N/A,0.40,0.40,0.40
09/15/2016,0.40,N/A,0.40,0.40,0.40
09/14/2016,0.40,N/A,0.40,0.40,0.40
09/13/2016,0.40,N/A,0.40,0.40,0.40
09/12/2016,0.40,N/A,0.40,0.40,0.40
09/09/2016,0.40,N/A,0.40,0.40,0.40
09/08/2016,0.40,N/A,0.40,0.40,0.40
09/07/2016,0.40,N/A,0.40,0.40,0.40
09/06/2016,0.40,N/A,0.40,0.40,0.40
09/05/2016,0.40,N/A,0.40,0.40,0.40
09/02/2016,0.40,N/A,0.40,0.40,0.40
09/01/2016,0.40,N/A,0.40,0.40,0.40
08/31/2016,0.30,N/A,0.30,0.30,0.30
08/30/2016,0.40,N/A,0.40,0.40,0.40
08/29/2016,0.40,N/A,0.40,0.40,0.40
08/26/2016,0.40,N/A,0.40,0.40,0.40
08/25/2016,0.40,N/A,0.40,0.40,0.40
08/24/2016,0.40,N/A,0.40,0.40,0.40
08/23/2016,0.40,N/A,0.40,0.40,0.40
08/22/2016,0.40,N/A,0.40,0.40,0.40
08/19/2016,0.40,N/A,0.40,0.40,0.40
08/18/2016,0.40,N/A,0.40,0.40,0.40
08/17/2016,0.40,N/A,0.40,0.40,0.40
08/16/2016,0.40,N/A,0.40,0.40,0.40
08/15/2016,0.40,N/A,0.40,0.40,0.40
08/12/2016,0.40,N/A,0.40,0.40,0.40
08/11/2016,0.40,N/A,0.40,0.40,0.40
08/10/2016,0.40,N/A,0.40,0.40,0.40
08/09/2016,0.40,N/A,0.40,0.40,0.40
08/08/2016,0.40,N/A,0.40,0.40,0.40
08/05/2016,0.40,N/A,0.40,0.40,0.40
08/04/2016,0.40,N/A,0.40,0.40,0.40
08/03/2016,0.40,N/A,0.40,0.40,0.40
08/02/2016,0.40,N/A,0.40,0.40,0.40
08/01/2016,0.40,N/A,0.40,0.40,0.40
07/29/2016,0.30,N/A,0.30,0.30,0.30
07/28/2016,0.40,N/A,0.40,0.40,0.40
07/27/2016,0.40,N/A,0.40,0.40,0.40
07/26/2016,0.40,N/A,0.40,0.40,0.40
07/25/2016,0.40,N/A,0.40,0.40,0.40
07/22/2016,0.40,N/A,0.40,0.40,0.40
07/21/2016,0.40,N/A,0.40,0.40,0.40
07/20/2016,0.40,N/A,0.40,0.40,0.40
07/19/2016,0.40,N/A,0.40,0.40,0.40
07/18/2016,0.40,N/A,0.40,0.40,0.40
07/15/2016,0.40,N/A,0.40,0.40,0.40
07/14/2016,0.40,N/A,0.40,0.40,0.40
07/13/2016,0.40,N/A,0.40,0.40,0.40
07/12/2016,0.40,N/A,0.40,0.40,0.40
07/11/2016,0.40,N/A,0.40,0.40,0.40
07/08/2016,0.40,N/A,0.40,0.40,0.40
07/07/2016,0.40,N/A,0.40,0.40,0.40
07/06/2016,0.40,N/A,0.40,0.40,0.40
07/05/2016,0.40,N/A,0.40,0.40,0.40
07/04/2016,0.41,N/A,0.41,0.41,0.41
07/01/2016,0.41,N/A,0.41,0.41,0.41
06/30/2016,0.30,N/A,0.30,0.30,0.30
06/29/2016,0.41,N/A,0.41,0.41,0.41
06/28/2016,0.41,N/A,0.41,0.41,0.41
06/27/2016,0.41,N/A,0.41,0.41,0.41
06/24/2016,0.40,N/A,0.40,0.40,0.40
06/23/2016,0.39,N/A,0.39,0.39,0.39
06/22/2016,0.38,N/A,0.38,0.38,0.38
06/21/2016,0.38,N/A,0.38,0.38,0.38
06/20/2016,0.38,N/A,0.38,0.38,0.38
06/17/2016,0.38,N/A,0.38,0.38,0.38
06/16/2016,0.38,N/A,0.38,0.38,0.38
06/15/2016,0.37,N/A,0.37,0.37,0.37
06/14/2016,0.37,N/A,0.37,0.37,0.37
06/13/2016,0.37,N/A,0.37,0.37,0.37
06/10/2016,0.37,N/A,0.37,0.37,0.37
06/09/2016,0.37,N/A,0.37,0.37,0.37
06/08/2016,0.37,N/A,0.37,0.37,0.37
06/07/2016,0.37,N/A,0.37,0.37,0.37
06/06/2016,0.37,N/A,0.37,0.37,0.37
06/03/2016,0.37,N/A,0.37,0.37,0.37
06/02/2016,0.37,N/A,0.37,0.37,0.37
06/01/2016,0.37,N/A,0.37,0.37,0.37
05/31/2016,0.29,N/A,0.29,0.29,0.29
05/30/2016,0.37,N/A,0.37,0.37,0.37
05/27/2016,0.37,N/A,0.37,0.37,0.37
05/26/2016,0.37,N/A,0.37,0.37,0.37
05/25/2016,0.37,N/A,0.37,0.37,0.37
05/24/2016,0.37,N/A,0.37,0.37,0.37
05/23/2016,0.37,N/A,0.37,0.37,0.37
05/20/2016,0.37,N/A,0.37,0.37,0.37
05/19/2016,0.37,N/A,0.37,0.37,0.37
05/18/2016,0.37,N/A,0.37,0.37,0.37
05/17/2016,0.37,N/A,0.37,0.37,0.37
05/16/2016,0.37,N/A,0.37,0.37,0.37
05/13/2016,0.37,N/A,0.37,0.37,0.37
05/12/2016,0.37,N/A,0.37,0.37,0.37
05/11/2016,0.37,N/A,0.37,0.37,0.37
05/10/2016,0.37,N/A,0.37,0.37,0.37
05/09/2016,0.37,N/A,0.37,0.37,0.37
05/06/2016,0.37,N/A,0.37,0.37,0.37
05/05/2016,0.37,N/A,0.37,0.37,0.37
05/04/2016,0.37,N/A,0.37,0.37,0.37
05/03/2016,0.37,N/A,0.37,0.37,0.37
05/02/2016,0.37,N/A,0.37,0.37,0.37
04/29/2016,0.30,N/A,0.30,0.30,0.30
04/28/2016,0.37,N/A,0.37,0.37,0.37
04/27/2016,0.37,N/A,0.37,0.37,0.37
04/26/2016,0.37,N/A,0.37,0.37,0.37
04/25/2016,0.37,N/A,0.37,0.37,0.37
04/22/2016,0.37,N/A,0.37,0.37,0.37
04/21/2016,0.37,N/A,0.37,0.37,0.37
04/20/2016,0.37,N/A,0.37,0.37,0.37
04/19/2016,0.37,N/A,0.37,0.37,0.37
04/18/2016,0.37,N/A,0.37,0.37,0.37
04/15/2016,0.37,N/A,0.37,0.37,0.37
04/14/2016,0.37,N/A,0.37,0.37,0.37
04/13/2016,0.37,N/A,0.37,0.37,0.37
04/12/2016,0.37,N/A,0.37,0.37,0.37
04/11/2016,0.37,N/A,0.37,0.37,0.37
04/08/2016,0.37,N/A,0.37,0.37,0.37
04/07/2016,0.37,N/A,0.37,0.37,0.37
04/06/2016,0.37,N/A,0.37,0.37,0.37
04/05/2016,0.37,N/A,0.37,0.37,0.37
04/04/2016,0.37,N/A,0.37,0.37,0.37
04/01/2016,0.37,N/A,0.37,0.37,0.37
03/31/2016,0.25,N/A,0.25,0.25,0.25
03/30/2016,0.37,N/A,0.37,0.37,0.37
03/29/2016,0.37,N/A,0.37,0.37,0.37
03/28/2016,0.37,N/A,0.37,0.37,0.37
03/25/2016,0.37,N/A,0.37,0.37,0.37
03/24/2016,0.37,N/A,0.37,0.37,0.37
03/23/2016,0.37,N/A,0.37,0.37,0.37
03/22/2016,0.37,N/A,0.37,0.37,0.37
03/21/2016,0.37,N/A,0.37,0.37,0.37
03/18/2016,0.37,N/A,0.37,0.37,0.37
03/17/2016,0.37,N/A,0.37,0.37,0.37
03/16/2016,0.37,N/A,0.37,0.37,0.37
03/15/2016,0.37,N/A,0.37,0.37,0.37
03/14/2016,0.36,N/A,0.36,0.36,0.36
03/11/2016,0.36,N/A,0.36,0.36,0.36
03/10/2016,0.36,N/A,0.36,0.36,0.36
03/09/2016,0.36,N/A,0.36,0.36,0.36
03/08/2016,0.36,N/A,0.36,0.36,0.36
03/07/2016,0.36,N/A,0.36,0.36,0.36
03/04/2016,0.36,N/A,0.36,0.36,0.36
03/03/2016,0.37,N/A,0.37,0.37,0.37
03/02/2016,0.37,N/A,0.37,0.37,0.37
03/01/2016,0.36,N/A,0.36,0.36,0.36
02/29/2016,0.29,N/A,0.29,0.29,0.29
02/26/2016,0.37,N/A,0.37,0.37,0.37
02/25/2016,0.37,N/A,0.37,0.37,0.37
02/24/2016,0.38,N/A,0.38,0.38,0.38
02/23/2016,0.38,N/A,0.38,0.38,0.38
02/22/2016,0.38,N/A,0.38,0.38,0.38
02/19/2016,0.38,N/A,0.38,0.38,0.38
02/18/2016,0.38,N/A,0.38,0.38,0.38
02/17/2016,0.37,N/A,0.37,0.37,0.37
02/16/2016,0.38,N/A,0.38,0.38,0.38
02/15/2016,0.38,N/A,0.38,0.38,0.38
02/12/2016,0.38,N/A,0.38,0.38,0.38
02/11/2016,0.38,N/A,0.38,0.38,0.38
02/10/2016,0.38,N/A,0.38,0.38,0.38
02/09/2016,0.38,N/A,0.38,0.38,0.38
02/08/2016,0.38,N/A,0.38,0.38,0.38
02/05/2016,0.38,N/A,0.38,0.38,0.38
02/04/2016,0.38,N/A,0.38,0.38,0.38
02/03/2016,0.38,N/A,0.38,0.38,0.38
02/02/2016,0.38,N/A,0.38,0.38,0.38
02/01/2016,0.38,N/A,0.38,0.38,0.38
01/29/2016,0.29,N/A,0.29,0.29,0.29
01/28/2016,0.38,N/A,0.38,0.38,0.38
01/27/2016,0.38,N/A,0.38,0.38,0.38
01/26/2016,0.38,N/A,0.38,0.38,0.38
01/25/2016,0.38,N/A,0.38,0.38,0.38
01/22/2016,0.38,N/A,0.38,0.38,0.38
01/21/2016,0.37,N/A,0.37,0.37,0.37
01/20/2016,0.37,N/A,0.37,0.37,0.37
01/19/2016,0.36,N/A,0.36,0.36,0.36
01/18/2016,0.36,N/A,0.36,0.36,0.36
01/15/2016,0.36,N/A,0.36,0.36,0.36
01/14/2016,0.36,N/A,0.36,0.36,0.36
01/13/2016,0.36,N/A,0.36,0.36,0.36
01/12/2016,0.36,N/A,0.36,0.36,0.36
01/11/2016,0.36,N/A,0.36,0.36,0.36
01/08/2016,0.36,N/A,0.36,0.36,0.36
01/07/2016,0.36,N/A,0.36,0.36,0.36
01/06/2016,0.36,N/A,0.36,0.36,0.36
01/05/2016,0.36,N/A,0.36,0.36,0.36
01/04/2016,0.36,N/A,0.36,0.36,0.36
01/01/2016,0.20,N/A,0.20,0.20,0.20
12/31/2015,0.20,N/A,0.20,0.20,0.20
12/30/2015,0.35,N/A,0.35,0.35,0.35
12/29/2015,0.36,N/A,0.36,0.36,0.36
12/28/2015,0.36,N/A,0.36,0.36,0.36
12/25/2015,0.36,N/A,0.36,0.36,0.36
12/24/2015,0.36,N/A,0.36,0.36,0.36
12/23/2015,0.36,N/A,0.36,0.36,0.36
12/22/2015,0.36,N/A,0.36,0.36,0.36
12/21/2015,0.36,N/A,0.36,0.36,0.36
12/18/2015,0.37,N/A,0.37,0.37,0.37
12/17/2015,0.37,N/A,0.37,0.37,0.37
12/16/2015,0.15,N/A,0.15,0.15,0.15
12/15/2015,0.15,N/A,0.15,0.15,0.15
12/14/2015,0.15,N/A,0.15,0.15,0.15
12/11/2015,0.14,N/A,0.14,0.14,0.14
12/10/2015,0.14,N/A,0.14,0.14,0.14
12/09/2015,0.14,N/A,0.14,0.14,0.14
12/08/2015,0.13,N/A,0.13,0.13,0.13
12/07/2015,0.13,N/A,0.13,0.13,0.13
12/04/2015,0.13,N/A,0.13,0.13,0.13
12/03/2015,0.13,N/A,0.13,0.13,0.13
12/02/2015,0.13,N/A,0.13,0.13,0.13
12/01/2015,0.13,N/A,0.13,0.13,0.13
11/30/2015,0.08,N/A,0.08,0.08,0.08
11/27/2015,0.12,N/A,0.12,0.12,0.12
11/26/2015,0.12,N/A,0.12,0.12,0.12
11/25/2015,0.12,N/A,0.12,0.12,0.12
11/24/2015,0.12,N/A,0.12,0.12,0.12
11/23/2015,0.12,N/A,0.12,0.12,0.12
11/20/2015,0.12,N/A,0.12,0.12,0.12
11/19/2015,0.12,N/A,0.12,0.12,0.12
11/18/2015,0.12,N/A,0.12,0.12,0.12
11/17/2015,0.13,N/A,0.13,0.13,0.13
11/16/2015,0.13,N/A,0.13,0.13,0.13
11/13/2015,0.12,N/A,0.12,0.12,0.12
11/12/2015,0.12,N/A,0.12,0.12,0.12
11/11/2015,0.12,N/A,0.12,0.12,0.12
11/10/2015,0.12,N/A,0.12,0.12,0.12
11/09/2015,0.12,N/A,0.12,0.12,0.12
11/06/2015,0.12,N/A,0.12,0.12,0.12
11/05/2015,0.12,N/A,0.12,0.12,0.12
11/04/2015,0.12,N/A,0.12,0.12,0.12
11/03/2015,0.12,N/A,0.12,0.12,0.12
11/02/2015,0.12,N/A,0.12,0.12,0.12
10/30/2015,0.07,N/A,0.07,0.07,0.07
10/29/2015,0.12,N/A,0.12,0.12,0.12
10/28/2015,0.12,N/A,0.12,0.12,0.12
10/27/2015,0.12,N/A,0.12,0.12,0.12
10/26/2015,0.12,N/A,0.12,0.12,0.12
10/23/2015,0.12,N/A,0.12,0.12,0.12
10/22/2015,0.12,N/A,0.12,0.12,0.12
10/21/2015,0.13,N/A,0.13,0.13,0.13
10/20/2015,0.13,N/A,0.13,0.13,0.13
10/19/2015,0.13,N/A,0.13,0.13,0.13
10/16/2015,0.13,N/A,0.13,0.13,0.13
10/15/2015,0.13,N/A,0.13,0.13,0.13
10/14/2015,0.13,N/A,0.13,0.13,0.13
10/13/2015,0.13,N/A,0.13,0.13,0.13
10/12/2015,0.13,N/A,0.13,0.13,0.13
10/09/2015,0.13,N/A,0.13,0.13,0.13
10/08/2015,0.13,N/A,0.13,0.13,0.13
10/07/2015,0.13,N/A,0.13,0.13,0.13
10/06/2015,0.13,N/A,0.13,0.13,0.13
10/05/2015,0.13,N/A,0.13,0.13,0.13
10/02/2015,0.13,N/A,0.13,0.13,0.13
10/01/2015,0.13,N/A,0.13,0.13,0.13
09/30/2015,0.07,N/A,0.07,0.07,0.07
09/29/2015,0.13,N/A,0.13,0.13,0.13
09/28/2015,0.13,N/A,0.13,0.13,0.13
09/25/2015,0.13,N/A,0.13,0.13,0.13
09/24/2015,0.14,N/A,0.14,0.14,0.14
09/23/2015,0.14,N/A,0.14,0.14,0.14
09/22/2015,0.14,N/A,0.14,0.14,0.14
09/21/2015,0.14,N/A,0.14,0.14,0.14
09/18/2015,0.14,N/A,0.14,0.14,0.14
09/17/2015,0.14,N/A,0.14,0.14,0.14
09/16/2015,0.14,N/A,0.14,0.14,0.14
09/15/2015,0.14,N/A,0.14,0.14,0.14
09/14/2015,0.14,N/A,0.14,0.14,0.14
09/11/2015,0.14,N/A,0.14,0.14,0.14
09/10/2015,0.14,N/A,0.14,0.14,0.14
09/09/2015,0.14,N/A,0.14,0.14,0.14
09/08/2015,0.14,N/A,0.14,0.14,0.14
09/07/2015,0.14,N/A,0.14,0.14,0.14
09/04/2015,0.14,N/A,0.14,0.14,0.14
09/03/2015,0.14,N/A,0.14,0.14,0.14
09/02/2015,0.14,N/A,0.14,0.14,0.14
09/01/2015,0.14,N/A,0.14,0.14,0.14
08/31/2015,0.08,N/A,0.08,0.08,0.08
08/28/2015,0.14,N/A,0.14,0.14,0.14
08/27/2015,0.14,N/A,0.14,0.14,0.14
08/26/2015,0.14,N/A,0.14,0.14,0.14
08/25/2015,0.15,N/A,0.15,0.15,0.15
08/24/2015,0.15,N/A,0.15,0.15,0.15
08/21/2015,0.15,N/A,0.15,0.15,0.15
08/20/2015,0.15,N/A,0.15,0.15,0.15
08/19/2015,0.15,N/A,0.15,0.15,0.15
08/18/2015,0.15,N/A,0.15,0.15,0.15
08/17/2015,0.15,N/A,0.15,0.15,0.15
08/14/2015,0.14,N/A,0.14,0.14,0.14
08/13/2015,0.15,N/A,0.15,0.15,0.15
08/12/2015,0.15,N/A,0.15,0.15,0.15
08/11/2015,0.15,N/A,0.15,0.15,0.15
08/10/2015,0.14,N/A,0.14,0.14,0.14
08/07/2015,0.14,N/A,0.14,0.14,0.14
08/06/2015,0.14,N/A,0.14,0.14,0.14
08/05/2015,0.14,N/A,0.14,0.14,0.14
08/04/2015,0.14,N/A,0.14,0.14,0.14
08/03/2015,0.14,N/A,0.14,0.14,0.14
07/31/2015,0.08,N/A,0.08,0.08,0.08
07/30/2015,0.14,N/A,0.14,0.14,0.14
07/29/2015,0.14,N/A,0.14,0.14,0.14
07/28/2015,0.14,N/A,0.14,0.14,0.14
07/27/2015,0.14,N/A,0.14,0.14,0.14
07/24/2015,0.13,N/A,0.13,0.13,0.13
07/23/2015,0.13,N/A,0.13,0.13,0.13
07/22/2015,0.13,N/A,0.13,0.13,0.13
07/21/2015,0.13,N/A,0.13,0.13,0.13
07/20/2015,0.14,N/A,0.14,0.14,0.14
07/17/2015,0.13,N/A,0.13,0.13,0.13
07/16/2015,0.14,N/A,0.14,0.14,0.14
07/15/2015,0.13,N/A,0.13,0.13,0.13
07/14/2015,0.13,N/A,0.13,0.13,0.13
07/13/2015,0.13,N/A,0.13,0.13,0.13
07/10/2015,0.13,N/A,0.13,0.13,0.13
07/09/2015,0.13,N/A,0.13,0.13,0.13
07/08/2015,0.13,N/A,0.13,0.13,0.13
07/07/2015,0.13,N/A,0.13,0.13,0.13
07/06/2015,0.13,N/A,0.13,0.13,0.13
07/03/2015,0.13,N/A,0.13,0.13,0.13
07/02/2015,0.13,N/A,0.13,0.13,0.13
07/01/2015,0.13,N/A,0.13,0.13,0.13
06/30/2015,0.08,N/A,0.08,0.08,0.08
06/29/2015,0.14,N/A,0.14,0.14,0.14
06/26/2015,0.13,N/A,0.13,0.13,0.13
06/25/2015,0.13,N/A,0.13,0.13,0.13
06/24/2015,0.13,N/A,0.13,0.13,0.13
06/23/2015,0.13,N/A,0.13,0.13,0.13
06/22/2015,0.13,N/A,0.13,0.13,0.13
06/19/2015,0.13,N/A,0.13,0.13,0.13
06/18/2015,0.14,N/A,0.14,0.14,0.14
06/17/2015,0.14,N/A,0.14,0.14,0.14
06/16/2015,0.14,N/A,0.14,0.14,0.14
06/15/2015,0.13,N/A,0.13,0.13,0.13
06/12/2015,0.13,N/A,0.13,0.13,0.13
06/11/2015,0.13,N/A,0.13,0.13,0.13
06/10/2015,0.13,N/A,0.13,0.13,0.13
06/09/2015,0.13,N/A,0.13,0.13,0.13
06/08/2015,0.13,N/A,0.13,0.13,0.13
06/05/2015,0.13,N/A,0.13,0.13,0.13
06/04/2015,0.13,N/A,0.13,0.13,0.13
06/03/2015,0.13,N/A,0.13,0.13,0.13
06/02/2015,0.12,N/A,0.12,0.12,0.12
06/01/2015,0.12,N/A,0.12,0.12,0.12
05/29/2015,0.08,N/A,0.08,0.08,0.08
05/28/2015,0.12,N/A,0.12,0.12,0.12
05/27/2015,0.12,N/A,0.12,0.12,0.12
05/26/2015,0.12,N/A,0.12,0.12,0.12
05/25/2015,0.13,N/A,0.13,0.13,0.13
05/22/2015,0.13,N/A,0.13,0.13,0.13
05/21/2015,0.12,N/A,0.12,0.12,0.12
05/20/2015,0.12,N/A,0.12,0.12,0.12
05/19/2015,0.12,N/A,0.12,0.12,0.12
05/18/2015,0.13,N/A,0.13,0.13,0.13
05/15/2015,0.13,N/A,0.13,0.13,0.13
05/14/2015,0.13,N/A,0.13,0.13,0.13
05/13/2015,0.13,N/A,0.13,0.13,0.13
05/12/2015,0.13,N/A,0.13,0.13,0.13
05/11/2015,0.13,N/A,0.13,0.13,0.13
05/08/2015,0.13,N/A,0.13,0.13,0.13
05/07/2015,0.13,N/A,0.13,0.13,0.13
05/06/2015,0.13,N/A,0.13,0.13,0.13
05/05/2015,0.13,N/A,0.13,0.13,0.13
05/04/2015,0.13,N/A,0.13,0.13,0.13
05/01/2015,0.13,N/A,0.13,0.13,0.13
04/30/2015,0.08,N/A,0.08,0.08,0.08
04/29/2015,0.13,N/A,0.13,0.13,0.13
04/28/2015,0.13,N/A,0.13,0.13,0.13
04/27/2015,0.13,N/A,0.13,0.13,0.13
04/24/2015,0.13,N/A,0.13,0.13,0.13
04/23/2015,0.13,N/A,0.13,0.13,0.13
04/22/2015,0.13,N/A,0.13,0.13,0.13
04/21/2015,0.13,N/A,0.13,0.13,0.13
04/20/2015,0.13,N/A,0.13,0.13,0.13
04/17/2015,0.13,N/A,0.13,0.13,0.13
04/16/2015,0.13,N/A,0.13,0.13,0.13
04/15/2015,0.13,N/A,0.13,0.13,0.13
04/14/2015,0.13,N/A,0.13,0.13,0.13
04/13/2015,0.13,N/A,0.13,0.13,0.13
04/10/2015,0.12,N/A,0.12,0.12,0.12
04/09/2015,0.12,N/A,0.12,0.12,0.12
04/08/2015,0.12,N/A,0.12,0.12,0.12
04/07/2015,0.12,N/A,0.12,0.12,0.12
04/06/2015,0.13,N/A,0.13,0.13,0.13
04/03/2015,0.12,N/A,0.12,0.12,0.12
04/02/2015,0.12,N/A,0.12,0.12,0.12
04/01/2015,0.12,N/A,0.12,0.12,0.12
03/31/2015,0.06,N/A,0.06,0.06,0.06
03/30/2015,0.12,N/A,0.12,0.12,0.12
03/27/2015,0.12,N/A,0.12,0.12,0.12
03/26/2015,0.11,N/A,0.11,0.11,0.11
03/25/2015,0.12,N/A,0.12,0.12,0.12
03/24/2015,0.11,N/A,0.11,0.11,0.11
03/23/2015,0.12,N/A,0.12,0.12,0.12
03/20/2015,0.12,N/A,0.12,0.12,0.12
03/19/2015,0.12,N/A,0.12,0.12,0.12
03/18/2015,0.11,N/A,0.11,0.11,0.11
03/17/2015,0.12,N/A,0.12,0.12,0.12
03/16/2015,0.12,N/A,0.12,0.12,0.12
03/13/2015,0.11,N/A,0.11,0.11,0.11
03/12/2015,0.11,N/A,0.11,0.11,0.11
03/11/2015,0.11,N/A,0.11,0.11,0.11
03/10/2015,0.12,N/A,0.12,0.12,0.12
03/09/2015,0.12,N/A,0.12,0.12,0.12
03/06/2015,0.12,N/A,0.12,0.12,0.12
03/05/2015,0.11,N/A,0.11,0.11,0.11
03/04/2015,0.11,N/A,0.11,0.11,0.11
03/03/2015,0.12,N/A,0.12,0.12,0.12
03/02/2015,0.12,N/A,0.12,0.12,0.12
02/27/2015,0.06,N/A,0.06,0.06,0.06
02/26/2015,0.11,N/A,0.11,0.11,0.11
02/25/2015,0.11,N/A,0.11,0.11,0.11
02/24/2015,0.11,N/A,0.11,0.11,0.11
02/23/2015,0.11,N/A,0.11,0.11,0.11
02/20/2015,0.12,N/A,0.12,0.12,0.12
02/19/2015,0.12,N/A,0.12,0.12,0.12
02/18/2015,0.12,N/A,0.12,0.12,0.12
02/17/2015,0.12,N/A,0.12,0.12,0.12
02/16/2015,0.12,N/A,0.12,0.12,0.12
02/13/2015,0.12,N/A,0.12,0.12,0.12
02/12/2015,0.12,N/A,0.12,0.12,0.12
02/11/2015,0.12,N/A,0.12,0.12,0.12
02/10/2015,0.12,N/A,0.12,0.12,0.12
02/09/2015,0.12,N/A,0.12,0.12,0.12
02/06/2015,0.11,N/A,0.11,0.11,0.11
02/05/2015,0.12,N/A,0.12,0.12,0.12
02/04/2015,0.11,N/A,0.11,0.11,0.11
02/03/2015,0.12,N/A,0.12,0.12,0.12
02/02/2015,0.12,N/A,0.12,0.12,0.12
01/30/2015,0.06,N/A,0.06,0.06,0.06
01/29/2015,0.11,N/A,0.11,0.11,0.11
01/28/2015,0.12,N/A,0.12,0.12,0.12
01/27/2015,0.11,N/A,0.11,0.11,0.11
01/26/2015,0.12,N/A,0.12,0.12,0.12
01/23/2015,0.12,N/A,0.12,0.12,0.12
01/22/2015,0.12,N/A,0.12,0.12,0.12
01/21/2015,0.12,N/A,0.12,0.12,0.12
01/20/2015,0.12,N/A,0.12,0.12,0.12
01/19/2015,0.13,N/A,0.13,0.13,0.13
01/16/2015,0.12,N/A,0.12,0.12,0.12
01/15/2015,0.12,N/A,0.12,0.12,0.12
01/14/2015,0.12,N/A,0.12,0.12,0.12
01/13/2015,0.12,N/A,0.12,0.12,0.12
01/12/2015,0.12,N/A,0.12,0.12,0.12
01/09/2015,0.12,N/A,0.12,0.12,0.12
01/08/2015,0.12,N/A,0.12,0.12,0.12
01/07/2015,0.12,N/A,0.12,0.12,0.12
01/06/2015,0.12,N/A,0.12,0.12,0.12
01/05/2015,0.12,N/A,0.12,0.12,0.12
01/02/2015,0.12,N/A,0.12,0.12,0.12
01/01/2015,0.06,N/A,0.06,0.06,0.06
12/31/2014,0.06,N/A,0.06,0.06,0.06
12/30/2014,0.13,N/A,0.13,0.13,0.13
12/29/2014,0.13,N/A,0.13,0.13,0.13
12/26/2014,0.13,N/A,0.13,0.13,0.13
12/25/2014,0.13,N/A,0.13,0.13,0.13
12/24/2014,0.13,N/A,0.13,0.13,0.13
12/23/2014,0.13,N/A,0.13,0.13,0.13
12/22/2014,0.13,N/A,0.13,0.13,0.13
12/19/2014,0.13,N/A,0.13,0.13,0.13
12/18/2014,0.13,N/A,0.13,0.13,0.13
12/17/2014,0.13,N/A,0.13,0.13,0.13
12/16/2014,0.12,N/A,0.12,0.12,0.12
12/15/2014,0.11,N/A,0.11,0.11,0.11
12/12/2014,0.12,N/A,0.12,0.12,0.12
12/11/2014,0.12,N/A,0.12,0.12,0.12
12/10/2014,0.12,N/A,0.12,0.12,0.12
12/09/2014,0.12,N/A,0.12,0.12,0.12
12/08/2014,0.12,N/A,0.12,0.12,0.12
12/05/2014,0.12,N/A,0.12,0.12,0.12
12/04/2014,0.12,N/A,0.12,0.12,0.12
12/03/2014,0.12,N/A,0.12,0.12,0.12
12/02/2014,0.12,N/A,0.12,0.12,0.12
12/01/2014,0.13,N/A,0.13,0.13,0.13
11/28/2014,0.08,N/A,0.08,0.08,0.08
11/27/2014,0.10,N/A,0.10,0.10,0.10
11/26/2014,0.10,N/A,0.10,0.10,0.10
11/25/2014,0.10,N/A,0.10,0.10,0.10
11/24/2014,0.10,N/A,0.10,0.10,0.10
11/21/2014,0.10,N/A,0.10,0.10,0.10
11/20/2014,0.10,N/A,0.10,0.10,0.10
11/19/2014,0.10,N/A,0.10,0.10,0.10
11/18/2014,0.11,N/A,0.11,0.11,0.11
11/17/2014,0.10,N/A,0.10,0.10,0.10
11/14/2014,0.09,N/A,0.09,0.09,0.09
11/13/2014,0.09,N/A,0.09,0.09,0.09
11/12/2014,0.09,N/A,0.09,0.09,0.09
11/11/2014,0.09,N/A,0.09,0.09,0.09
11/10/2014,0.09,N/A,0.09,0.09,0.09
11/07/2014,0.09,N/A,0.09,0.09,0.09
11/06/2014,0.09,N/A,0.09,0.09,0.09
11/05/2014,0.09,N/A,0.09,0.09,0.09
11/04/2014,0.10,N/A,0.10,0.10,0.10
11/03/2014,0.09,N/A,0.09,0.09,0.09
10/31/2014,0.07,N/A,0.07,0.07,0.07
10/30/2014,0.09,N/A,0.09,0.09,0.09
10/29/2014,0.09,N/A,0.09,0.09,0.09
10/28/2014,0.09,N/A,0.09,0.09,0.09
10/27/2014,0.09,N/A,0.09,0.09,0.09
10/24/2014,0.09,N/A,0.09,0.09,0.09
10/23/2014,0.09,N/A,0.09,0.09,0.09
10/22/2014,0.09,N/A,0.09,0.09,0.09
10/21/2014,0.09,N/A,0.09,0.09,0.09
10/20/2014,0.09,N/A,0.09,0.09,0.09
10/17/2014,0.09,N/A,0.09,0.09,0.09
10/16/2014,0.09,N/A,0.09,0.09,0.09
10/15/2014,0.09,N/A,0.09,0.09,0.09
10/14/2014,0.09,N/A,0.09,0.09,0.09
10/13/2014,0.09,N/A,0.09,0.09,0.09
10/10/2014,0.09,N/A,0.09,0.09,0.09
10/09/2014,0.08,N/A,0.08,0.08,0.08
10/08/2014,0.09,N/A,0.09,0.09,0.09
10/07/2014,0.09,N/A,0.09,0.09,0.09
10/06/2014,0.09,N/A,0.09,0.09,0.09
10/03/2014,0.09,N/A,0.09,0.09,0.09
10/02/2014,0.09,N/A,0.09,0.09,0.09
10/01/2014,0.09,N/A,0.09,0.09,0.09
09/30/2014,0.07,N/A,0.07,0.07,0.07
09/29/2014,0.08,N/A,0.08,0.08,0.08
09/26/2014,0.09,N/A,0.09,0.09,0.09
09/25/2014,0.09,N/A,0.09,0.09,0.09
09/24/2014,0.09,N/A,0.09,0.09,0.09
09/23/2014,0.09,N/A,0.09,0.09,0.09
09/22/2014,0.09,N/A,0.09,0.09,0.09
09/19/2014,0.09,N/A,0.09,0.09,0.09
09/18/2014,0.09,N/A,0.09,0.09,0.09
09/17/2014,0.09,N/A,0.09,0.09,0.09
09/16/2014,0.09,N/A,0.09,0.09,0.09
09/15/2014,0.09,N/A,0.09,0.09,0.09
09/12/2014,0.09,N/A,0.09,0.09,0.09
09/11/2014,0.09,N/A,0.09,0.09,0.09
09/10/2014,0.09,N/A,0.09,0.09,0.09
09/09/2014,0.09,N/A,0.09,0.09,0.09
09/08/2014,0.09,N/A,0.09,0.09,0.09
09/05/2014,0.09,N/A,0.09,0.09,0.09
09/04/2014,0.09,N/A,0.09,0.09,0.09
09/03/2014,0.09,N/A,0.09,0.09,0.09
09/02/2014,0.09,N/A,0.09,0.09,0.09
09/01/2014,0.07,N/A,0.07,0.07,0.07
08/29/2014,0.07,N/A,0.07,0.07,0.07
08/28/2014,0.09,N/A,0.09,0.09,0.09
08/27/2014,0.09,N/A,0.09,0.09,0.09
08/26/2014,0.09,N/A,0.09,0.09,0.09
08/25/2014,0.09,N/A,0.09,0.09,0.09
08/22/2014,0.09,N/A,0.09,0.09,0.09
08/21/2014,0.09,N/A,0.09,0.09,0.09
08/20/2014,0.09,N/A,0.09,0.09,0.09
08/19/2014,0.09,N/A,0.09,0.09,0.09
08/18/2014,0.09,N/A,0.09,0.09,0.09
08/15/2014,0.09,N/A,0.09,0.09,0.09
08/14/2014,0.09,N/A,0.09,0.09,0.09
08/13/2014,0.09,N/A,0.09,0.09,0.09
08/12/2014,0.09,N/A,0.09,0.09,0.09
08/11/2014,0.09,N/A,0.09,0.09,0.09
08/08/2014,0.09,N/A,0.09,0.09,0.09
08/07/2014,0.09,N/A,0.09,0.09,0.09
08/06/2014,0.09,N/A,0.09,0.09,0.09
08/05/2014,0.09,N/A,0.09,0.09,0.09
08/04/2014,0.09,N/A,0.09,0.09,0.09
08/01/2014,0.09,N/A,0.09,0.09,0.09
07/31/2014,0.08,N/A,0.08,0.08,0.08
07/30/2014,0.09,N/A,0.09,0.09,0.09
07/29/2014,0.09,N/A,0.09,0.09,0.09
07/28/2014,0.09,N/A,0.09,0.09,0.09
07/25/2014,0.09,N/A,0.09,0.09,0.09
07/24/2014,0.09,N/A,0.09,0.09,0.09
07/23/2014,0.09,N/A,0.09,0.09,0.09
07/22/2014,0.09,N/A,0.09,0.09,0.09
07/21/2014,0.10,N/A,0.10,0.10,0.10
07/18/2014,0.09,N/A,0.09,0.09,0.09
07/17/2014,0.09,N/A,0.09,0.09,0.09
07/16/2014,0.09,N/A,0.09,0.09,0.09
07/15/2014,0.09,N/A,0.09,0.09,0.09
07/14/2014,0.09,N/A,0.09,0.09,0.09
07/11/2014,0.09,N/A,0.09,0.09,0.09
07/10/2014,0.09,N/A,0.09,0.09,0.09
07/09/2014,0.09,N/A,0.09,0.09,0.09
07/08/2014,0.09,N/A,0.09,0.09,0.09
07/07/2014,0.10,N/A,0.10,0.10,0.10
07/04/2014,0.09,N/A,0.09,0.09,0.09
07/03/2014,0.09,N/A,0.09,0.09,0.09
07/02/2014,0.10,N/A,0.10,0.10,0.10
07/01/2014,0.10,N/A,0.10,0.10,0.10
06/30/2014,0.09,N/A,0.09,0.09,0.09
06/27/2014,0.10,N/A,0.10,0.10,0.10
06/26/2014,0.10,N/A,0.10,0.10,0.10
06/25/2014,0.10,N/A,0.10,0.10,0.10
06/24/2014,0.10,N/A,0.10,0.10,0.10
06/23/2014,0.10,N/A,0.10,0.10,0.10
06/20/2014,0.10,N/A,0.10,0.10,0.10
06/19/2014,0.10,N/A,0.10,0.10,0.10
06/18/2014,0.10,N/A,0.10,0.10,0.10
06/17/2014,0.10,N/A,0.10,0.10,0.10
06/16/2014,0.10,N/A,0.10,0.10,0.10
